Pollutant,AUT_GAS,,AUT_GNV,,CC_GAS,,CC_DSEL,,CC_GNV,,TX_GAS,,TX_GNV,,MB_DSEL,,BT_DSEL,,B_DSEL,,AL_DSEL,,AT_DSEL,,BA_DSEL,,ESP_GAS,,ESP_DSEL,,ESP_GNV,,INT_DSEL,,INT_GAS,,INT_GNV,,C2P_DSEL,,C2P_GAS,,C2P_GNV,,C2G_DSEL,,C2G_GAS,,C2G_GNV,,C3-C4_DSEL,,C3-C4_GAS,,C3-C4_GNV,,C5_DSEL,,C5_GAS,,C5_GNV,,>C5_DSEL,,>C5_GAS,,>C5_GNV,,M_GAS,
,FE,Incertidumbre,FE,Incertidumbre,FE,Incertidumbre,FE,Incertidumbre,FE,Incertidumbre,FE,Incertidumbre,FE,Incertidumbre,FE,Incertidumbre,FE,Incertidumbre,FE,Incertidumbre,FE,Incertidumbre,FE,Incertidumbre,FE,Incertidumbre,FE,Incertidumbre,FE,Incertidumbre,FE,Incertidumbre,FE,Incertidumbre,FE,Incertidumbre,FE,Incertidumbre,FE,Incertidumbre,FE,Incertidumbre,FE,Incertidumbre,FE,Incertidumbre,FE,Incertidumbre,FE,Incertidumbre,FE,Incertidumbre,FE,Incertidumbre,FE,Incertidumbre,FE,Incertidumbre,FE,Incertidumbre,FE,Incertidumbre,FE,Incertidumbre,FE,Incertidumbre,FE,Incertidumbre,FE,Incertidumbre
PM2.5,0.006809365053859737,0.0,0.003,0.0,0.008214304191957593,0.0,0.07407362870287594,0.0,0.003,0.0,0.014313593892205637,0.0,0.003,0.0,0.6397059267551134,0.0,0.40926564013266997,0.0,0.33669717988005377,0.0,0.11552939523564264,0.0,0.35241054003424704,0.0,0.04840189964495333,0.0,0.03531659709784411,0.0,0.40926564013266997,0.0,0.013,0.0,0.5918344638151981,0.0,0.017918312999982974,0.0,0.013000000000000001,0.0,0.22762454573984675,0.0,0.01588963850580431,0.0,0.003,0.0,0.22762454573984675,0.0,0.01588963850580431,0.0,0.003,0.0,0.9456729705638477,0.0,0.030604682835820893,0.0,0.003,0.0,0.9456729705638477,0.0,0.030604682835820893,0.0,0.003,0.0,0.9456729705638477,0.0,0.030604682835820893,0.0,0.003,0.0,0.02203215017011746,0.0
PM10,0.0076975101903873815,0.0,0.003,0.0,0.009285696759067692,0.0,0.08051502719961033,0.0,0.0,0.0,0.01618051940464345,0.0,0.0,0.0,0.6953346039248204,0.0,0.4448551343283582,0.0,0.3659762256333276,0.0,0.125575763945964,0.0,0.3830559868249645,0.0,0.052610933517664944,0.0,0.03992298946932006,0.0,0.4448551343283582,0.0,0.013,0.0,0.7653904497619693,0.0,0.02025538823841932,0.0,0.013000000000000001,0.0,0.2474188292875168,0.0,0.01796211872968491,0.0,0.003,0.0,0.2474188292875168,0.0,0.01796211872968491,0.0,0.003,0.0,1.0279084419568822,0.0,0.034596437230514095,0.0,0.003,0.0,1.0279084419568822,0.0,0.034596437230514095,0.0,0.003,0.0,1.0279084419568822,0.0,0.034596437230514095,0.0,0.003,0.0,0.02490502461470614,0.0
VOC,0.19692876196467135,0.0,5.0,0.0,0.48489095932382104,0.0,0.2816755841312002,0.0,4.0,0.0,0.3377575951907131,0.0,5.0,0.0,1.7850998993919294,0.0,1.5092435812603646,0.0,1.3379904660052226,0.0,0.418689295805298,0.0,1.3588337857786896,0.0,0.22019624667444368,0.0,5.696219601990048,0.0,1.5092435812603646,0.0,0.11,0.0,1.7277937499172369,0.0,4.32887185337055,0.0,0.11,0.0,1.1131266345219433,0.0,0.7639219922056386,0.0,0.15,0.0,1.1131266345219433,0.0,0.7639219922056386,0.0,0.15,0.0,1.8442775096185737,0.0,6.443150650912106,0.0,0.19,0.0,1.8442775096185737,0.0,6.443150650912106,0.0,0.19,0.0,1.8442775096185737,0.0,6.443150650912106,0.0,0.19,0.0,1.4278111813548116,0.0
TOG,0.2125244927205619,0.0,5.0,0.0,0.5141324762286331,0.0,0.31095783422242457,0.0,4.0,0.0,0.35921915595356546,0.0,5.0,0.0,1.8227721047540077,0.0,1.5413387412935322,0.0,1.3714599857378575,0.0,0.47470935730579844,0.0,1.3927560633929268,0.0,0.27933965542301437,0.0,6.121285364842455,0.0,1.5413387412935322,0.0,0.11,0.0,1.7641169946116,0.0,4.651906572947144,0.0,0.11,0.0,1.1365151068536599,0.0,0.8292618543946931,0.0,0.15,0.0,1.1365151068536599,0.0,0.8292618543946931,0.0,0.15,0.0,1.8835646269485906,0.0,6.923957989220564,0.0,0.19,0.0,1.8835646269485906,0.0,6.923957989220564,0.0,0.19,0.0,1.8835646269485906,0.0,6.923957989220564,0.0,0.19,0.0,1.6803491840109959,0.0
CO,3.9036955867834067,0.0,13.0,0.0,6.33275872421349,0.0,2.120548543014041,0.0,40.0,0.0,6.713653815920398,0.0,13.0,0.0,3.2751058734107246,0.0,6.752917255389717,0.0,5.779277829093279,0.0,1.9025496302810472,0.0,5.95294108152451,0.0,0.9101905567766426,0.0,97.3979764096186,0.0,6.752917255389717,0.0,20.12,0.0,3.997583358249126,0.0,53.9573911451325,0.0,20.12,0.0,7.094888234226255,0.0,11.563012510779437,0.0,32.46,0.0,7.094888234226255,0.0,11.563012510779437,0.0,32.46,0.0,5.371580880597015,0.0,93.18706405472639,0.0,40.84,0.0,5.371580880597015,0.0,93.18706405472639,0.0,40.84,0.0,5.371580880597015,0.0,93.18706405472639,0.0,40.84,0.0,16.518748439346716,0.0
SO2,0.06052631874032917,0.0,0.0,0.0,0.07758633411879563,0.0,0.017568668068915397,0.0,0.0,0.0,0.06260594004975124,0.0,0.0,0.0,0.022391247844112772,0.0,0.0271235596185738,0.0,0.02696120902610987,0.0,0.02561244239859805,0.0,0.026961466011614366,0.0,0.025376130622656052,0.0,0.1636019850746269,0.0,0.0271235596185738,0.0,0.0,0.0,0.02337433413970659,0.0,0.12004045661193599,0.0,0.0,0.0,0.017795183138682703,0.0,0.08566558752902156,0.0,0.0,0.0,0.017795183138682703,0.0,0.08566558752902156,0.0,0.0,0.0,0.034529436815920404,0.0,0.17917449087893864,0.0,0.0,0.0,0.034529436815920404,0.0,0.17917449087893864,0.0,0.0,0.0,0.034529436815920404,0.0,0.17917449087893864,0.0,0.0,0.0,0.049362209737957324,0.0
CO2,337.45201924867195,0.0,241.0,0.0,432.5665056142649,0.0,628.3507250360994,0.0,440.0,0.0,349.04657860696517,0.0,250.0,0.0,763.8859203980101,0.0,925.3261749585406,0.0,925.0399717087456,0.0,922.6622693169616,0.0,925.0404247411948,0.0,922.2456819968107,0.0,912.1294262023218,0.0,925.3261749585406,0.0,272.83,0.0,797.4233772224204,0.0,669.2613474069727,0.0,272.83,0.0,607.0878922068098,0.0,477.6113676616916,0.0,377.61,0.0,607.0878922068098,0.0,477.6113676616916,0.0,377.61,0.0,1177.9823490878937,0.0,998.9485514096186,0.0,430.37,0.0,1177.9823490878937,0.0,998.9485514096186,0.0,430.37,0.0,1177.9823490878937,0.0,998.9485514096186,0.0,430.37,0.0,275.20909056148594,0.0
PNO3,1.939503200580596e-05,0.0,0.0,0.0,2.345851464689873e-05,0.0,0.00025480685693155767,0.0,0.0,0.0,4.092672164179105e-05,0.0,0.0,0.0,0.003264584513543393,0.0,0.0014410196616915425,0.0,0.0012001503037451632,0.0,0.00035333554872206516,0.0,0.0012477000994798055,0.0,0.00011915716529959137,0.0,9.917612014925372e-05,0.0,0.0014410196616915425,0.0,0.0,0.0,0.002885758751332004,0.0,5.0318278755089176e-05,0.0,0.0,0.0,0.0009291383532616185,0.0,4.5484224129353233e-05,0.0,0.0,0.0,0.0009291383532616185,0.0,4.5484224129353233e-05,0.0,0.0,0.0,0.004617238111940298,0.0,8.594413992537314e-05,0.0,0.0,0.0,0.004617238111940298,0.0,8.594413992537314e-05,0.0,0.0,0.0,0.004617238111940298,0.0,8.594413992537314e-05,0.0,0.0,0.0,6.378212718050885e-05,0.0
PNH4,0.00018669367330139834,0.0,0.0,0.0,0.00022580826365367756,0.0,0.0005059958004808436,0.0,0.0,0.0,0.0003939547019900497,0.0,0.0,0.0,0.006482811829740188,0.0,0.0028615720398009947,0.0,0.002383254930071148,0.0,0.000701652585825918,0.0,0.0024776789821729013,0.0,0.00023662217271553455,0.0,0.0009546568747927032,0.0,0.0028615720398009947,0.0,0.0,0.0,0.0057305386532853836,0.0,0.00048435659224355993,0.0,0.0,0.0,0.0018450839447942948,0.0,0.0004378245759535655,0.0,0.0,0.0,0.0018450839447942948,0.0,0.0004378245759535655,0.0,0.0,0.0,0.009168911636815921,0.0,0.000827285619402985,0.0,0.0,0.0,0.009168911636815921,0.0,0.000827285619402985,0.0,0.0,0.0,0.009168911636815921,0.0,0.000827285619402985,0.0,0.0,0.0,0.0006139591329386573,0.0
PCL,7.013869382725629e-06,0.0,7.5e-06,0.0,8.483356505319086e-06,0.0,0.00018253296529339058,0.0,7.5e-06,0.0,1.4800415912106136e-05,0.0,7.5e-06,0.0,0.0023172671326699835,0.0,0.0010228624079601989,0.0,0.0008521294811955071,0.0,0.00025304233348154596,0.0,0.00088588077568799,0.0,8.716827107897332e-05,0.0,3.586536376451078e-05,0.0,0.0010228624079601989,0.0,3.25e-05,0.0,0.002048368630952182,0.0,1.8196733618613855e-05,0.0,3.25e-05,0.0,0.0006595225056865373,0.0,1.6448568912106138e-05,0.0,7.5e-06,0.0,0.0006595225056865373,0.0,1.6448568912106138e-05,0.0,7.5e-06,0.0,0.0032774062039801002,0.0,3.108020008291874e-05,0.0,7.5e-06,0.0,0.0032774062039801002,0.0,3.108020008291874e-05,0.0,7.5e-06,0.0,0.0032774062039801002,0.0,3.108020008291874e-05,0.0,7.5e-06,0.0,2.3065734041709578e-05,0.0
PNA,2.6287577159759808e-06,0.0,0.0,0.0,3.1795127056089854e-06,0.0,9.063209986746228e-05,0.0,0.0,0.0,5.547115315091211e-06,0.0,0.0,0.0,0.0006274694286898839,0.0,0.00027697092620232173,0.0,0.00023668814023376891,0.0,0.00012388409270520562,0.0,0.0002458179016780278,0.0,8.762681764712658e-05,0.0,1.3442125538971807e-05,0.0,0.00027697092620232173,0.0,0.0,0.0,0.0005546571773328982,0.0,6.820029602487754e-06,0.0,0.0,0.0,0.00017858541335450526,0.0,6.16482548756219e-06,0.0,0.0,0.0,0.00017858541335450526,0.0,6.16482548756219e-06,0.0,0.0,0.0,0.0008874559319237147,0.0,1.1648686144278606e-05,0.0,0.0,0.0,0.0008874559319237147,0.0,1.1648686144278606e-05,0.0,0.0,0.0,0.0008874559319237147,0.0,1.1648686144278606e-05,0.0,0.0,0.0,8.644882206523697e-06,0.0
PK,5.719714158591445e-06,0.0,0.0,0.0,6.918058076997994e-06,0.0,2.9534528489803676e-05,0.0,0.0,0.0,1.2069527414593697e-05,0.0,0.0,0.0,0.00035286538521282475,0.0,0.000155757984079602,0.0,0.00013001040177384153,0.0,4.086910270024694e-05,0.0,0.0001351495375409713,0.0,1.59757819243922e-05,0.0,2.9247710447761194e-05,0.0,0.000155757984079602,0.0,0.0,0.0,0.0003119184666560366,0.0,1.4839201315684376e-05,0.0,0.0,0.0,0.00010042967268562611,0.0,1.3413578262023218e-05,0.0,0.0,0.0,0.00010042967268562611,0.0,1.3413578262023218e-05,0.0,0.0,0.0,0.0004990720528192372,0.0,2.5345464552238808e-05,0.0,0.0,0.0,0.0004990720528192372,0.0,2.5345464552238808e-05,0.0,0.0,0.0,0.0004990720528192372,0.0,2.5345464552238808e-05,0.0,0.0,0.0,1.8809764868136135e-05,0.0
PMG,9.711962003912227e-06,0.0,0.0,0.0,1.1746723141465868e-05,0.0,2.19740041106099e-05,0.0,0.0,0.0,2.0493837111111114e-05,0.0,0.0,0.0,0.0002072878921227197,0.0,9.14985832504146e-05,0.0,7.704094543010522e-05,0.0,3.0221349723847725e-05,0.0,8.005882149194012e-05,0.0,1.656963562548776e-05,0.0,4.966200650912106e-05,0.0,9.14985832504146e-05,0.0,0.0,0.0,0.00018323392269852478,0.0,2.519663902226765e-05,0.0,0.0,0.0,5.899651365132448e-05,0.0,2.2776005887230516e-05,0.0,0.0,0.0,5.899651365132448e-05,0.0,2.2776005887230516e-05,0.0,0.0,0.0,0.0002931756852487562,0.0,4.303610427031509e-05,0.0,0.0,0.0,0.0002931756852487562,0.0,4.303610427031509e-05,0.0,0.0,0.0,0.0002931756852487562,0.0,4.303610427031509e-05,0.0,0.0,0.0,3.193860953924071e-05,0.0
PCA,9.694624484449554e-05,0.0,1.32e-05,0.0,0.0001172575980766469,0.0,0.0005107717974287507,0.0,1.32e-05,0.0,0.00020457265170812606,0.0,1.32e-05,0.0,0.0062898933471531235,0.0,0.0027764124792703155,0.0,0.002315193460424887,0.0,0.0007074215010378542,0.0,0.0024068028276415998,0.0,0.0002603979897540484,0.0,0.0004957337910447762,0.0,0.0027764124792703155,0.0,5.72e-05,0.0,0.00556000591461175,0.0,0.00025151662744312856,0.0,5.72e-05,0.0,0.0017901761364848509,0.0,0.00022735352736318412,0.0,1.32e-05,0.0,0.0017901761364848509,0.0,0.00022735352736318412,0.0,1.32e-05,0.0,0.008896043781923714,0.0,0.00042959289220563843,0.0,1.32e-05,0.0,0.008896043781923714,0.0,0.00042959289220563843,0.0,1.32e-05,0.0,0.008896043781923714,0.0,0.00042959289220563843,0.0,1.32e-05,0.0,0.00031881626946373684,0.0
PTI,2.2878854724213014e-06,0.0,0.0,0.0,2.7672229931117493e-06,0.0,1.2954772639160742e-05,0.0,0.0,0.0,4.827817255389718e-06,0.0,0.0,0.0,0.00015710598468767276,0.0,6.93479733830846e-05,0.0,5.785628293689362e-05,0.0,1.7934276333220098e-05,0.0,6.01444156215334e-05,0.0,6.810107227855142e-06,0.0,1.1699076865671642e-05,0.0,6.93479733830846e-05,0.0,0.0,0.0,0.00013887521242374388,0.0,5.935677668174892e-06,0.0,0.0,0.0,4.471419661741584e-05,0.0,5.365433812603649e-06,0.0,0.0,0.0,4.471419661741584e-05,0.0,5.365433812603649e-06,0.0,0.0,0.0,0.00022220145936981757,0.0,1.0138217330016583e-05,0.0,0.0,0.0,0.00022220145936981757,0.0,1.0138217330016583e-05,0.0,0.0,0.0,0.00022220145936981757,0.0,1.0138217330016583e-05,0.0,0.0,0.0,7.5239166930365244e-06,0.0
PSI,2.1763803500511658e-05,0.0,1.77e-05,0.0,2.6323571097191624e-05,0.0,0.00031303667813155567,0.0,1.77e-05,0.0,4.592519890547264e-05,0.0,1.77e-05,0.0,0.003963220304035379,0.0,0.001749399108623549,0.0,0.0014575181425403277,0.0,0.00043392107591416084,0.0,0.001515242589354994,0.0,0.00015040602926724968,0.0,0.00011128887230514097,0.0,0.001749399108623549,0.0,7.67e-05,0.0,0.003503323031448691,0.0,5.646383575697349e-05,0.0,7.67e-05,0.0,0.001127979334701432,0.0,5.1039357810945285e-05,0.0,1.77e-05,0.0,0.001127979334701432,0.0,5.1039357810945285e-05,0.0,1.77e-05,0.0,0.0056053492363184075,0.0,9.644098092868988e-05,0.0,1.77e-05,0.0,0.0056053492363184075,0.0,9.644098092868988e-05,0.0,1.77e-05,0.0,0.0056053492363184075,0.0,9.644098092868988e-05,0.0,1.77e-05,0.0,7.15721603610866e-05,0.0
PAL,2.1763803500511658e-05,0.0,2.6700000000000002e-05,0.0,2.6323571097191624e-05,0.0,8.729430861753362e-05,0.0,2.6700000000000002e-05,0.0,4.592519890547264e-05,0.0,2.6700000000000002e-05,0.0,0.0010614002810945275,0.0,0.00046851163184079606,0.0,0.00039084143150297366,0.0,0.00012085743446561247,0.0,0.0004063000151364542,0.0,4.5655248477384314e-05,0.0,0.00011128887230514097,0.0,0.00046851163184079606,0.0,0.0001157,0.0,0.0009382341133369398,0.0,5.646383575697349e-05,0.0,0.0001157,0.0,0.00030208695048026233,0.0,5.1039357810945285e-05,0.0,2.6700000000000002e-05,0.0,0.00030208695048026233,0.0,5.1039357810945285e-05,0.0,2.6700000000000002e-05,0.0,0.0015011823322553899,0.0,9.644098092868988e-05,0.0,2.6700000000000002e-05,0.0,0.0015011823322553899,0.0,9.644098092868988e-05,0.0,2.6700000000000002e-05,0.0,0.0015011823322553899,0.0,9.644098092868988e-05,0.0,2.6700000000000002e-05,0.0,7.15721603610866e-05,0.0
PFE,0.00012280052191523426,0.0,7.5e-06,0.0,0.00014852861175665302,0.0,0.0002075915679037307,0.0,7.5e-06,0.0,0.0002591291296849088,0.0,7.5e-06,0.0,0.0023128791299060255,0.0,0.0010209255381426203,0.0,0.0008541833984528983,0.0,0.0002866972617296228,0.0,0.0008878648963944417,0.0,0.00012647536600832982,0.0,0.0006279398644278607,0.0,0.0010209255381426203,0.0,3.25e-05,0.0,0.002044489824395724,0.0,0.00031859286719047945,0.0,3.25e-05,0.0,0.000658272092087864,0.0,0.0002879854945273631,0.0,7.5e-06,0.0,0.000658272092087864,0.0,0.0002879854945273631,0.0,7.5e-06,0.0,0.003271199564676617,0.0,0.0005441587524875622,0.0,7.5e-06,0.0,0.003271199564676617,0.0,0.0005441587524875622,0.0,7.5e-06,0.0,0.003271199564676617,0.0,0.0005441587524875622,0.0,7.5e-06,0.0,0.000403840198166687,0.0
PMN,8.26424e-07,0.0,0.0,0.0,8.26424e-07,0.0,1.8826837450305593e-06,0.0,0.0,0.0,8.264239999999999e-07,0.0,0.0,0.0,4.97097e-06,0.0,4.97097e-06,0.0,4.5985043448275865e-06,0.0,1.5041562555066076e-06,0.0,4.599093922437672e-06,0.0,9.62008431372549e-07,0.0,8.264239999999999e-07,0.0,4.97097e-06,0.0,0.0,0.0,4.97097e-06,0.0,8.264239999999999e-07,0.0,0.0,0.0,4.97097e-06,0.0,8.264239999999999e-07,0.0,0.0,0.0,4.97097e-06,0.0,8.264239999999999e-07,0.0,0.0,0.0,4.970970000000001e-06,0.0,8.264239999999999e-07,0.0,0.0,0.0,4.970970000000001e-06,0.0,8.264239999999999e-07,0.0,0.0,0.0,4.970970000000001e-06,0.0,8.264239999999999e-07,0.0,0.0,0.0,8.26424e-07,0.0
POC,0.0037419591379645647,0.0,0.0011235,0.0,0.004525941445597324,0.0,0.021473356228719008,0.0,0.0011235,0.0,0.007896144182421228,0.0,0.0011235,0.0,0.2630332339414041,0.0,0.11610525207296848,0.0,0.09683421042774631,0.0,0.02973600566783374,0.0,0.10066514167499012,0.0,0.011066068701732351,0.0,0.019134449834162518,0.0,0.11610525207296848,0.0,0.0048684999999999996,0.0,0.2325105439120543,0.0,0.009708107360639194,0.0,0.0048684999999999996,0.0,0.07486245358912937,0.0,0.008775436809286897,0.0,0.0011235,0.0,0.07486245358912937,0.0,0.008775436809286897,0.0,0.0011235,0.0,0.37201901036484253,0.0,0.016581533959369815,0.0,0.0011235,0.0,0.37201901036484253,0.0,0.016581533959369815,0.0,0.0011235,0.0,0.37201901036484253,0.0,0.016581533959369815,0.0,0.0011235,0.0,0.01230576328901404,0.0
PEC,0.0009369274567412049,0.0,0.0003336,0.0,0.0011332227978997254,0.0,0.03397907272954326,0.0,0.0003336,0.0,0.001977067751243781,0.0,0.0003336,0.0,0.26758157545605304,0.0,0.24500664593698177,0.0,0.19829929929690274,0.0,0.06040692186838842,0.0,0.2085950940481569,0.0,0.017651215769096718,0.0,0.004790967645107795,0.0,0.24500664593698177,0.0,0.0014455999999999998,0.0,0.2628918794064467,0.0,0.0024307566494371027,0.0,0.0014456,0.0,0.12171352215867005,0.0,0.002197232839800995,0.0,0.0003336,0.0,0.12171352215867005,0.0,0.002197232839800995,0.0,0.0003336,0.0,0.4193614343283582,0.0,0.0041517563930348255,0.0,0.0003336,0.0,0.4193614343283582,0.0,0.0041517563930348255,0.0,0.0003336,0.0,0.4193614343283582,0.0,0.0041517563930348255,0.0,0.0003336,0.0,0.003081171509222068,0.0
PSO4,0.000577639632169001,0.0,3.12e-05,0.0,0.0006769654357818393,0.0,0.010537313515052835,0.0,3.12e-05,0.0,0.0011636429998341624,0.0,3.12e-05,0.0,0.00972859161967938,0.0,0.004294283407960199,0.0,0.0049879947012232894,0.0,0.01419090208329224,0.0,0.005127459754495356,0.0,0.015547585129953448,0.0,0.003450770066334992,0.0,0.004294283407960199,0.0,0.00013519999999999998,0.0,0.008599673200186078,0.0,0.0017507893472877632,0.0,0.00013519999999999998,0.0,0.002768870743461092,0.0,0.0012753191295190713,0.0,3.12e-05,0.0,0.002768870743461092,0.0,0.0012753191295190713,0.0,3.12e-05,0.0,0.013759547033996686,0.0,0.0029903682628524045,0.0,3.12e-05,0.0,0.013759547033996686,0.0,0.0029903682628524045,0.0,3.12e-05,0.0,0.013759547033996686,0.0,0.0029903682628524045,0.0,3.12e-05,0.0,0.001538569998125533,0.0
PH2O,0.0,0.0,0.0,0.0,0.0,0.0,0.0,0.0,0.0,0.0,0.0,0.0,0.0,0.0,0.0,0.0,0.0,0.0,0.0,0.0,0.0,0.0,0.0,0.0,0.0,0.0,0.0,0.0,0.0,0.0,0.0,0.0,0.0,0.0,0.0,0.0,0.0,0.0,0.0,0.0,0.0,0.0,0.0,0.0,0.0,0.0,0.0,0.0,0.0,0.0,0.0,0.0,0.0,0.0,0.0,0.0,0.0,0.0,0.0,0.0,0.0,0.0,0.0,0.0,0.0,0.0,0.0,0.0,0.0,0.0
PMOTHR,0.00030772068579646583,0.0,0.0011922,0.0,0.0003721915459711263,0.0,0.001572078072041389,0.0,0.0011922,0.0,0.0006493414658374793,0.0,0.0011922,0.0,0.01971915171365395,0.0,0.008704211791044776,0.0,0.007254044352536289,0.0,0.0021785431192308463,0.0,0.007541252037299508,0.0,0.0007709581708347899,0.0,0.0015735245862354894,0.0,0.008704211791044776,0.0,0.005166199999999999,0.0,0.017430917759343186,0.0,0.0007983476275932794,0.0,0.0051662,0.0,0.005612304508734134,0.0,0.0007216503935323382,0.0,0.0011922,0.0,0.005612304508734134,0.0,0.0007216503935323382,0.0,0.0011922,0.0,0.027889642301824207,0.0,0.0013635853279436155,0.0,0.0011922,0.0,0.027889642301824207,0.0,0.0013635853279436155,0.0,0.0011922,0.0,0.027889642301824207,0.0,0.0013635853279436155,0.0,0.0011922,0.0,0.0010119654994511168,0.0
PNCOM,0.0007483929335816364,0.0,0.0002247,0.0,0.0009051892762937797,0.0,0.0042946703927413295,0.0,0.0002247,0.0,0.0015792316393034827,0.0,0.0002247,0.0,0.05260665726920951,0.0,0.02322107089552239,0.0,0.01936685746470473,0.0,0.005947206400555045,0.0,0.020133045041011183,0.0,0.0022132148364251724,0.0,0.0038269010820895528,0.0,0.02322107089552239,0.0,0.0009736999999999999,0.0,0.046502121340730763,0.0,0.001941625379993653,0.0,0.0009736999999999999,0.0,0.014972477504815994,0.0,0.0017550926555555553,0.0,0.0002247,0.0,0.014972477504815994,0.0,0.0017550926555555553,0.0,0.0002247,0.0,0.07440376810116085,0.0,0.00331631482172471,0.0,0.0002247,0.0,0.07440376810116085,0.0,0.00331631482172471,0.0,0.0002247,0.0,0.07440376810116085,0.0,0.00331631482172471,0.0,0.0002247,0.0,0.002461154532275319,0.0
ALD2,4.639105205460348e-05,0.0,0.0,0.0,0.0001115543504459549,0.0,0.00024377416488262262,0.0,0.0,0.0,7.877636048590382e-05,0.0,0.0,0.0,0.0014409022208402434,0.0,0.0012182364262023216,0.0,0.001083577096357175,0.0,0.0003712202920077476,0.0,0.0011003958807100519,0.0,0.000216201373205629,0.0,0.0014132498051409618,0.0,0.0012182364262023216,0.0,0.0,0.0,0.0013946458240433565,0.0,0.0010740092535265649,0.0,0.0,0.0,0.0008984961620628389,0.0,0.00014736389643449415,0.0,0.0,0.0,0.0008984961620628389,0.0,0.00014736389643449415,0.0,0.0,0.0,0.0014886680625207298,0.0,0.0015985683727197345,0.0,0.0,0.0,0.0014886680625207298,0.0,0.0015985683727197345,0.0,0.0,0.0,0.0014886680625207298,0.0,0.0015985683727197345,0.0,0.0,0.0,0.0001437276250164396,0.0
ALDX,1.5344148740812402e-05,0.0,3.870689655172414e-05,0.0,3.780390502035534e-05,0.0,0.00016241862814155388,0.0,3.096551724137931e-05,0.0,2.6293074059701494e-05,0.0,3.870689655172414e-05,0.0,0.0010659867404643449,0.0,0.0009012597802653399,0.0,0.0007977340209930114,0.0,0.00023829681563013676,0.0,0.0008101829149703669,0.0,0.00011793058509090238,0.0,0.00046335064966832506,0.0,0.0009012597802653399,0.0,8.515517241379311e-07,0.0,0.0010317665062945635,0.0,0.0003521260556745249,0.0,8.515517241379311e-07,0.0,0.0006647132182897011,0.0,5.6562777213930345e-05,0.0,1.161206896551724e-06,0.0,0.0006647132182897011,0.0,5.6562777213930345e-05,0.0,1.161206896551724e-06,0.0,0.0011013250466832506,0.0,0.000524108906716418,0.0,1.4708620689655172e-06,0.0,0.0011013250466832506,0.0,0.000524108906716418,0.0,1.4708620689655172e-06,0.0,0.0011013250466832506,0.0,0.000524108906716418,0.0,1.4708620689655172e-06,0.0,0.00012825347229001468,0.0
BEN,8.705382225131126e-05,0.0,0.0,0.0,0.00021849806625031683,0.0,2.964418170533696e-05,0.0,0.0,0.0,0.0001523672662354892,0.0,0.0,0.0,0.0001790640041182974,0.0,0.00015139255431177446,0.0,0.0001345165987549918,0.0,4.481446634375845e-05,0.0,0.0001366069272341547,0.0,2.5343890093666332e-05,0.0,0.002405132777777777,0.0,0.00015139255431177446,0.0,0.0,0.0,0.00017331556141618842,0.0,0.0018277931242411504,0.0,0.0,0.0,0.00011165812072308129,0.0,0.0003879932673300166,0.0,0.0,0.0,0.00011165812072308129,0.0,0.0003879932673300166,0.0,0.0,0.0,0.000185000125,0.0,0.0027205140339966833,0.0,0.0,0.0,0.000185000125,0.0,0.0027205140339966833,0.0,0.0,0.0,0.000185000125,0.0,0.0027205140339966833,0.0,0.0,0.0,0.0009101630290442804,0.0
CH4,0.000728777170389367,0.0,0.0,0.0,0.0010973062558820843,0.0,0.0014812879670073754,0.0,0.0,0.0,0.0008904711660033168,0.0,0.0,0.0,0.000250164174405749,0.0,0.0002265042495854063,0.0,0.000510704797921456,0.0,0.002973619274606502,0.0,0.0005144169890907019,0.0,0.0033975644181474165,0.0,0.022814992288557216,0.0,0.0002265042495854063,0.0,0.0,0.0,0.0002452490823843007,0.0,0.01733841532272108,0.0,0.0,0.0,0.00014959843171393397,0.0,0.0015898284412935323,0.0,0.0,0.0,0.00014959843171393397,0.0,0.0015898284412935323,0.0,0.0,0.0,0.000281186432172471,0.0,0.025806719237147595,0.0,0.0,0.0,0.000281186432172471,0.0,0.025806719237147595,0.0,0.0,0.0,0.000281186432172471,0.0,0.025806719237147595,0.0,0.0,0.0,0.004802561754291696,0.0
ETH,0.0005308427465137754,0.0,0.005053571428571428,0.0,0.0013270858944212155,0.0,0.0021609230399793097,0.0,0.004042857142857142,0.0,0.0009185734547263681,0.0,0.005053571428571428,0.0,0.014502930500276396,0.0,0.012261762421227196,0.0,0.010842648107587541,0.0,0.003143138684917921,0.0,0.011012035470070812,0.0,0.001490067819754712,0.0,0.013960426202321723,0.0,0.012261762421227196,0.0,0.00011117857142857141,0.0,0.014037352210078784,0.0,0.010609313909072897,0.0,0.0001111785714285714,0.0,0.00904351899992326,0.0,0.0024429246616915422,0.0,0.00015160714285714284,0.0,0.00904351899992326,0.0,0.0024429246616915422,0.0,0.00015160714285714284,0.0,0.014983684689883914,0.0,0.01579106177031509,0.0,0.00019203571428571425,0.0,0.014983684689883914,0.0,0.01579106177031509,0.0,0.00019203571428571425,0.0,0.014983684689883914,0.0,0.01579106177031509,0.0,0.00019203571428571425,0.0,0.004221505387986407,0.0
ETHA,0.00018415547578689732,0.0,0.10476666666666667,0.0,0.000457446911882592,0.0,0.00019723851303972867,0.0,0.08381333333333334,0.0,0.0003166512769983416,0.0,0.10476666666666667,0.0,0.0012226402562189053,0.0,0.0010337030729684908,0.0,0.0009173488922971351,0.0,0.00029551160458354337,0.0,0.0009316232881474439,0.0,0.0001609284071635288,0.0,0.005107632744610282,0.0,0.0010337030729684908,0.0,0.0023048666666666668,0.0,0.0011833906115560205,0.0,0.0038815725533587007,0.0,0.0023048666666666663,0.0,0.0007623969269904738,0.0,0.0007814503427860697,0.0,0.003143,0.0,0.0007623969269904738,0.0,0.0007814503427860697,0.0,0.003143,0.0,0.0012631730302653397,0.0,0.0057773843283582095,0.0,0.003981133333333334,0.0,0.0012631730302653397,0.0,0.0057773843283582095,0.0,0.003981133333333334,0.0,0.0012631730302653397,0.0,0.0057773843283582095,0.0,0.003981133333333334,0.0,0.0015444999903556093,0.0
ETOH,9.523592952202664e-05,0.0,0.0,0.0,0.00022697037170445132,0.0,0.0,0.0,0.0,0.0,0.00016156012310281927,0.0,0.0,0.0,0.0,0.0,0.0,0.0,0.0,0.0,0.0,0.0,0.0,0.0,0.0,0.0,0.002955183822553897,0.0,0.0,0.0,0.0,0.0,0.0,0.0,0.0022458125759160993,0.0,0.0,0.0,0.0,0.0,0.00027758710452736315,0.0,0.0,0.0,0.0,0.0,0.00027758710452736315,0.0,0.0,0.0,0.0,0.0,0.003342694054726368,0.0,0.0,0.0,0.0,0.0,0.003342694054726368,0.0,0.0,0.0,0.0,0.0,0.003342694054726368,0.0,0.0,0.0,0.00014328756952995184,0.0
FORM,6.676203341743018e-05,0.0,0.0,0.0,0.0001644465783964791,0.0,0.000833148387102465,0.0,0.0,0.0,0.00011498163996683249,0.0,0.0,0.0,0.004650638615257049,0.0,0.00393196596185738,0.0,0.003507432166549913,0.0,0.001292079813967059,0.0,0.0035617006334856764,0.0,0.0008064315983738714,0.0,0.0019289536401326697,0.0,0.00393196596185738,0.0,0.0,0.0,0.004501342188849106,0.0,0.001465919102109019,0.0,0.0,0.0,0.0028999746149303003,0.0,0.0002596483671310116,0.0,0.0,0.0,0.0028999746149303003,0.0,0.0002596483671310116,0.0,0.0,0.0,0.00480480791708126,0.0,0.0021818937437810947,0.0,0.0,0.0,0.00480480791708126,0.0,0.0021818937437810947,0.0,0.0,0.0,0.00480480791708126,0.0,0.0021818937437810947,0.0,0.0,0.0,0.0004834266926946569,0.0
IOLE,9.335609107147151e-05,0.0,0.0014583333333333334,0.0,0.000228051734138514,0.0,9.529236636093944e-05,0.0,0.0011666666666666668,0.0,0.00015947978658374792,0.0,0.0014583333333333334,0.0,0.0006476091437258154,0.0,0.0005475338424543948,0.0,0.00048390382602820194,0.0,0.00013791865205355384,0.0,0.0004914679025675971,0.0,6.372229522829751e-05,0.0,0.0027601151948590382,0.0,0.0005475338424543948,0.0,3.208333333333334e-05,0.0,0.0006268195884521539,0.0,0.0020975651806924545,0.0,3.208333333333333e-05,0.0,0.00040382735044432004,0.0,0.00033804340066334994,0.0,4.375e-05,0.0,0.00040382735044432004,0.0,0.00033804340066334994,0.0,4.375e-05,0.0,0.0006690788277777777,0.0,0.0031220462520729687,0.0,5.5416666666666674e-05,0.0,0.0006690788277777777,0.0,0.0031220462520729687,0.0,5.5416666666666674e-05,0.0,0.0006690788277777777,0.0,0.0031220462520729687,0.0,5.5416666666666674e-05,0.0,0.0005955248670041392,0.0
ISOP,3.66996685875572e-07,0.0,0.0,0.0,1.0245055255254968e-06,0.0,6.524268875218179e-06,0.0,0.0,0.0,7.084456940298507e-07,0.0,0.0,0.0,4.4751140602542845e-05,0.0,3.783564676616916e-05,0.0,3.342549282088123e-05,0.0,9.407573788135315e-06,0.0,3.394820442597436e-05,0.0,4.261249360021787e-06,0.0,0.0,0.0,3.783564676616916e-05,0.0,0.0,0.0,4.3314521981070725e-05,0.0,0.0,0.0,0.0,0.0,2.7905273446014768e-05,0.0,4.097396064676617e-06,0.0,0.0,0.0,2.7905273446014768e-05,0.0,4.097396064676617e-06,0.0,0.0,0.0,4.623468075456053e-05,0.0,0.0,0.0,0.0,0.0,4.623468075456053e-05,0.0,0.0,0.0,0.0,0.0,4.623468075456053e-05,0.0,0.0,0.0,0.0,0.0,0.0,0.0
MEOH,4.090587224733558e-06,0.0,0.0,0.0,1.141923692008125e-05,0.0,0.0,0.0,0.0,0.0,7.89642707296849e-06,0.0,0.0,0.0,0.0,0.0,0.0,0.0,0.0,0.0,0.0,0.0,0.0,0.0,0.0,0.0,0.0,0.0,0.0,0.0,0.0,0.0,0.0,0.0,0.0,0.0,0.0,0.0,0.0,0.0,4.567012092868989e-05,0.0,0.0,0.0,0.0,0.0,4.567012092868989e-05,0.0,0.0,0.0,0.0,0.0,0.0,0.0,0.0,0.0,0.0,0.0,0.0,0.0,0.0,0.0,0.0,0.0,0.0,0.0,0.0,0.0,0.0,0.0
OLE,0.0003521878127845469,0.0,0.011458333333333334,0.0,0.0008736846190994121,0.0,0.0008648904498011656,0.0,0.009166666666666667,0.0,0.0006048067585903814,0.0,0.011458333333333334,0.0,0.005773984953012716,0.0,0.004881725812603648,0.0,0.004317735999179629,0.0,0.0012606291411125358,0.0,0.004385171503161076,0.0,0.0006039480424142225,0.0,0.009873724137645108,0.0,0.004881725812603648,0.0,0.0002520833333333333,0.0,0.005588627822109315,0.0,0.007503591321063782,0.0,0.0002520833333333333,0.0,0.003600459738453777,0.0,0.0014682245202321726,0.0,0.00034375,0.0,0.003600459738453777,0.0,0.0014682245202321726,0.0,0.00034375,0.0,0.005965402373134328,0.0,0.011168443855721393,0.0,0.0004354166666666667,0.0,0.005965402373134328,0.0,0.011168443855721393,0.0,0.0004354166666666667,0.0,0.005965402373134328,0.0,0.011168443855721393,0.0,0.0004354166666666667,0.0,0.002983462829838758,0.0
PAR,0.006014775362651597,0.0,0.08204166666666667,0.0,0.014856126644025013,0.0,0.007970972227623534,0.0,0.06563333333333334,0.0,0.010282437527363185,0.0,0.08204166666666667,0.0,0.05079887907683803,0.0,0.04294884237147595,0.0,0.038065715377918835,0.0,0.011824090524415366,0.0,0.03865887550207526,0.0,0.006161358177969087,0.0,0.17327657835820892,0.0,0.04294884237147595,0.0,0.0018049166666666667,0.0,0.04916811933978988,0.0,0.1316827385860508,0.0,0.0018049166666666667,0.0,0.03167641844086517,0.0,0.02380554566832504,0.0,0.00246125,0.0,0.03167641844086517,0.0,0.02380554566832504,0.0,0.00246125,0.0,0.052482898573797676,0.0,0.19599849668325045,0.0,0.0031175833333333333,0.0,0.052482898573797676,0.0,0.19599849668325045,0.0,0.0031175833333333333,0.0,0.052482898573797676,0.0,0.19599849668325045,0.0,0.0031175833333333333,0.0,0.05254799210982258,0.0
TERP,0.0,0.0,0.0,0.0,0.0,0.0,2.5244646914374883e-06,0.0,0.0,0.0,0.0,0.0,0.0,0.0,1.731576779159757e-05,0.0,1.4639941368159204e-05,0.0,1.2933492987586017e-05,0.0,3.640120573792199e-06,0.0,1.3135750310477276e-05,0.0,1.648824266318191e-06,0.0,0.0,0.0,1.4639941368159204e-05,0.0,0.0,0.0,1.6759893958333557e-05,0.0,0.0,0.0,0.0,0.0,1.079752407327868e-05,0.0,0.0,0.0,0.0,0.0,1.079752407327868e-05,0.0,0.0,0.0,0.0,0.0,1.7889793228026535e-05,0.0,0.0,0.0,0.0,0.0,1.7889793228026535e-05,0.0,0.0,0.0,0.0,0.0,1.7889793228026535e-05,0.0,0.0,0.0,0.0,0.0,0.0,0.0
TOL,0.00024457942154958704,0.0,1.6576086956521738e-05,0.0,0.0006058528766865377,0.0,5.739782060006784e-05,0.0,1.326086956521739e-05,0.0,0.0004242657457545605,0.0,1.6576086956521738e-05,0.0,0.0002889402012161415,0.0,0.00024428934908789386,0.0,0.00021914058830404967,0.0,9.169669358671948e-05,0.0,0.00022251026322971646,0.0,6.330990824133689e-05,0.0,0.007080271405472637,0.0,0.00024428934908789386,0.0,3.6467391304347826e-07,0.0,0.0002796644723745299,0.0,0.005380702238381422,0.0,3.646739130434783e-07,0.0,0.00018017305529763103,0.0,0.0009773010870646765,0.0,4.972826086956521e-07,0.0,0.00018017305529763103,0.0,0.0009773010870646765,0.0,4.972826086956521e-07,0.0,0.0002985187997512438,0.0,0.008008687197346601,0.0,6.29891304347826e-07,0.0,0.0002985187997512438,0.0,0.008008687197346601,0.0,6.29891304347826e-07,0.0,0.0002985187997512438,0.0,0.008008687197346601,0.0,6.29891304347826e-07,0.0,0.0015887535477236044,0.0
UNK,0.0,0.0,0.0,0.0,0.0,0.0,0.0,0.0,0.0,0.0,0.0,0.0,0.0,0.0,0.0,0.0,0.0,0.0,0.0,0.0,0.0,0.0,0.0,0.0,0.0,0.0,0.0,0.0,0.0,0.0,0.0,0.0,0.0,0.0,0.0,0.0,0.0,0.0,0.0,0.0,0.0,0.0,0.0,0.0,0.0,0.0,0.0,0.0,0.0,0.0,0.0,0.0,0.0,0.0,0.0,0.0,0.0,0.0,0.0,0.0,0.0,0.0,0.0,0.0,0.0,0.0,0.0,0.0,0.0,0.0
UNR,0.0007871680701566126,0.0,0.022344996930632292,0.0,0.0019607235207606435,0.0,0.001175094162421087,0.0,0.017875997544505834,0.0,0.0013640772864013267,0.0,0.022344996930632292,0.0,0.00759344291321172,0.0,0.006420017794361525,0.0,0.0056865100562666785,0.0,0.0017342115805923574,0.0,0.005775182275806247,0.0,0.0008825408834149988,0.0,0.022401145646766173,0.0,0.006420017794361525,0.0,0.0004915899324739104,0.0,0.007349676608659954,0.0,0.01702388002682566,0.0,0.0004915899324739104,0.0,0.004735005426736265,0.0,0.0032872664179104476,0.0,0.0006703499079189687,0.0,0.004735005426736265,0.0,0.0032872664179104476,0.0,0.0006703499079189687,0.0,0.00784516399004975,0.0,0.02533857570480929,0.0,0.0008491098833640271,0.0,0.00784516399004975,0.0,0.02533857570480929,0.0,0.0008491098833640271,0.0,0.00784516399004975,0.0,0.02533857570480929,0.0,0.0008491098833640271,0.0,0.0075655236580686675,0.0
XYL,0.0003538784471723873,0.0,0.00017264150943396226,0.0,0.0008748717502626304,0.0,0.00010670224538568475,0.0,0.0001381132075471698,0.0,0.0006085071223880596,0.0,0.00017264150943396226,0.0,0.0005887570561083471,0.0,0.0004977761301824212,0.0,0.00044429876536832116,0.0,0.00016606260726835718,0.0,0.000451168559608008,0.0,0.00010497011186950595,0.0,0.010272587475124377,0.0,0.0004977761301824212,0.0,3.7981132075471696e-06,0.0,0.0005698567583889728,0.0,0.007806728452305653,0.0,3.7981132075471696e-06,0.0,0.00036712871434890006,0.0,0.001395083798341625,0.0,5.179245283018868e-06,0.0,0.00036712871434890006,0.0,0.001395083798341625,0.0,5.179245283018868e-06,0.0,0.000608274784742952,0.0,0.011619617504145937,0.0,6.560377358490566e-06,0.0,0.000608274784742952,0.0,0.011619617504145937,0.0,6.560377358490566e-06,0.0,0.000608274784742952,0.0,0.011619617504145937,0.0,6.560377358490566e-06,0.0,0.0027786374590067255,0.0
NOX,0.33061540492869224,0.0,3.7,0.0,0.6599338913231195,0.0,1.4444167617907893,0.0,3.0,0.0,0.7698422014925372,0.0,4.0,0.0,11.133936912658926,0.0,20.139525456053065,0.0,16.480089328846663,0.0,6.3583790308096075,0.0,17.314612082602338,0.0,3.0773259997771225,0.0,5.224272902155888,0.0,20.139525456053065,0.0,2.27,0.0,13.004749974584842,0.0,3.315597918508172,0.0,2.27,0.0,4.270135643158619,0.0,1.348644896185738,0.0,2.01,0.0,4.270135643158619,0.0,1.348644896185738,0.0,2.01,0.0,21.666921155058045,0.0,6.117156426202321,0.0,2.51,0.0,21.666921155058045,0.0,6.117156426202321,0.0,2.51,0.0,21.666921155058045,0.0,6.117156426202321,0.0,2.51,0.0,0.5536710045516919,0.0
NO,0.29157327548635575,0.0,3.33,0.0,0.5738205192067102,0.0,1.2301462124224354,0.0,2.7,0.0,0.6435878764510778,0.0,3.6,0.0,10.410231492537312,0.0,18.830492288557213,0.0,15.375311229719458,0.0,5.632380787102483,0.0,16.155646372694182,0.0,2.5156850035074485,0.0,4.8690172139303485,0.0,18.830492288557213,0.0,2.043,0.0,12.159449081827665,0.0,3.090134530164121,0.0,2.043,0.0,3.9925824783756974,0.0,1.1274685235489221,0.0,1.809,0.0,3.9925824783756974,0.0,1.1274685235489221,0.0,1.809,0.0,20.263284543946934,0.0,5.701179452736318,0.0,2.259,0.0,20.263284543946934,0.0,5.701179452736318,0.0,2.259,0.0,20.263284543946934,0.0,5.701179452736318,0.0,2.259,0.0,0.5280473608398392,0.0
NO2,0.03641585477731543,0.0,0.37000000000000005,0.0,0.0772819528200273,0.0,0.19474268260120858,0.0,0.30000000000000004,0.0,0.1200953323548922,0.0,0.4,0.0,0.6346345961857379,0.0,1.1479521766169154,0.0,0.9704717536441356,0.0,0.6519660266600185,0.0,1.0179902796514888,0.0,0.5102248109310473,0.0,0.3134563988391376,0.0,1.1479521766169154,0.0,0.227,0.0,0.7412707399268682,0.0,0.19893577082502828,0.0,0.22699999999999998,0.0,0.2432686910998265,0.0,0.21038876932006634,0.0,0.20099999999999998,0.0,0.2432686910998265,0.0,0.21038876932006634,0.0,0.20099999999999998,0.0,1.231406043117745,0.0,0.36702896351575454,0.0,0.251,0.0,1.231406043117745,0.0,0.36702896351575454,0.0,0.251,0.0,1.231406043117745,0.0,0.36702896351575454,0.0,0.251,0.0,0.02118685841214069,0.0
