ROW,COL,LAT,LON,POLNAME,UNIT,E00h,E01h,E02h,E03h,E04h,E05h,E06h,E07h,E08h,E09h,E10h,E11h,E12h,E13h,E14h,E15h,E16h,E17h,E18h,E19h,E20h,E21h,E22h,E23h,E24h
45,38,4.755493,-74.062965,PTI,g/s,1.20466666667e-07,8.24416666667e-08,8.54666666667e-08,1.23105555556e-07,3.45325e-07,7.94661111111e-07,9.19547222222e-07,8.45236111111e-07,8.947e-07,7.91563888889e-07,9.33125e-07,8.48816666667e-07,8.60161111111e-07,8.75816666667e-07,9.03691666667e-07,9.78566666667e-07,9.88619444444e-07,9.03788888889e-07,7.46822222222e-07,6.90163888889e-07,6.19872222222e-07,5.30530555556e-07,3.60608333333e-07,2.23925e-07,1.20466666667e-07
49,40,4.791351,-74.044975,PNA,g/s,4.018225e-06,2.73870555556e-06,2.88861388889e-06,4.25462222222e-06,1.18870361111e-05,2.52475833333e-05,2.60559972222e-05,2.55464138889e-05,2.83074944444e-05,2.54645944444e-05,3.034545e-05,2.73007777778e-05,2.75674583333e-05,2.76731305556e-05,2.81512777778e-05,2.94588111111e-05,3.00652916667e-05,2.66746833333e-05,2.24141138889e-05,2.17331e-05,1.98158166667e-05,1.70449361111e-05,1.18317638889e-05,7.59046666667e-06,4.018225e-06
42,39,4.728607,-74.05397,PCA,g/s,3.85717222222e-06,2.63649722222e-06,2.72911666667e-06,3.92553055556e-06,1.10153166667e-05,2.55334555556e-05,2.98106166667e-05,2.72771055556e-05,2.87894666667e-05,2.54555333333e-05,2.99626861111e-05,2.72856277778e-05,2.76556861111e-05,2.8189025e-05,2.91139111111e-05,3.15724138889e-05,3.18816833333e-05,2.92279555556e-05,2.41517472222e-05,2.22638777778e-05,1.99803083333e-05,1.70840138889e-05,1.15875527778e-05,7.16332777778e-06,3.85717222222e-06
42,39,4.728607,-74.05397,PCL,g/s,1.194175e-06,8.33275e-07,8.84761111111e-07,1.29471111111e-06,3.594825e-06,7.45213888889e-06,7.39960277778e-06,7.35569722222e-06,8.240625e-06,7.41054444444e-06,8.94636944444e-06,8.004175e-06,8.08702777778e-06,8.09698611111e-06,8.20825277778e-06,8.58581388889e-06,8.73601111111e-06,7.62307222222e-06,6.36371388889e-06,6.18245e-06,5.63078888889e-06,4.86890277778e-06,3.384775e-06,2.24764166667e-06,1.194175e-06
49,40,4.791351,-74.044975,PFE,g/s,2.4952375e-05,1.64327861111e-05,1.62114472222e-05,2.25224194444e-05,6.45532972222e-05,0.000181420630556,0.000258651127778,0.000215597902778,0.000210526763889,0.000181798322222,0.000205879988889,0.000192652186111,0.000196178544444,0.0002052187,0.000217468963889,0.000246964847222,0.000247021258333,0.000240408447222,0.000196506977778,0.000169910094444,0.000149546836111,0.000125849944444,8.23333555556e-05,4.52740944444e-05,2.4952375e-05
53,37,4.827202,-74.07196,PSI,g/s,1.79941388889e-06,1.24946666667e-06,1.31906111111e-06,1.9226e-06,5.34971111111e-06,1.13866805556e-05,1.17920083333e-05,1.14642333333e-05,1.2656325e-05,1.13384555556e-05,1.36032833333e-05,1.22235972222e-05,1.23593611111e-05,1.24293166667e-05,1.26573388889e-05,1.33538611111e-05,1.35610444444e-05,1.19884555556e-05,9.98691666667e-06,9.57604166667e-06,8.68994444444e-06,7.49078888889e-06,5.1732e-06,3.37648888889e-06,1.79941388889e-06
45,38,4.755493,-74.062965,PCL,g/s,1.51236944444e-06,1.05531666667e-06,1.12050833333e-06,1.63968888889e-06,4.55266944444e-06,9.43777222222e-06,9.37126111111e-06,9.31564166667e-06,1.04363583333e-05,9.38510555556e-06,1.13301527778e-05,1.01369027778e-05,1.02418138889e-05,1.02544388889e-05,1.03953555556e-05,1.08735111111e-05,1.10637555556e-05,9.65425e-06,8.05934444444e-06,7.82976944444e-06,7.13111666667e-06,6.16623333333e-06,4.28664722222e-06,2.84653888889e-06,1.51236944444e-06
49,40,4.791351,-74.044975,POC,g/s,0.00187861635278,0.00128553514722,0.00133337515833,0.001920505975,0.00538343536111,0.0123787734694,0.0142987778556,0.0131523704583,0.013945971575,0.0123521705222,0.01456275555,0.0132459604222,0.0134218908528,0.0136634547083,0.0140913293972,0.0152318077611,0.01538985975,0.0140663857417,0.0116403875889,0.0107756960972,0.00968199922222,0.00828168703333,0.00562377654722,0.00349298138889,0.00187861635278
45,38,4.755493,-74.062965,PSI,g/s,2.68918333333e-06,1.86727222222e-06,1.97130555556e-06,2.87325277778e-06,7.99499722222e-06,1.70170638889e-05,1.76228277778e-05,1.71329666667e-05,1.89145222222e-05,1.6945e-05,2.03297138889e-05,1.82678194444e-05,1.84707027778e-05,1.85752638889e-05,1.8916025e-05,1.99569722222e-05,2.02665916667e-05,1.79164055556e-05,1.49251805556e-05,1.43111305556e-05,1.29868583333e-05,1.1194775e-05,7.73120555556e-06,5.04607222222e-06,2.68918333333e-06
53,37,4.827202,-74.07196,PNO3,g/s,1.48240833333e-06,1.02988055556e-06,1.08657222222e-06,1.58330555556e-06,4.40879166667e-06,9.398425e-06,9.767375e-06,9.47931111111e-06,1.04364722222e-05,9.33439722222e-06,1.11985805556e-05,1.00640222222e-05,1.01776222222e-05,1.02387527778e-05,1.04345083333e-05,1.10393472222e-05,1.12071111111e-05,9.91256111111e-06,8.23841944444e-06,7.87686111111e-06,7.14285833333e-06,6.16204444444e-06,4.25976388889e-06,2.77989166667e-06,1.48240833333e-06
53,37,4.827202,-74.07196,PEC,g/s,0.000174279077778,0.000112742941667,0.00011689625,0.000169898405556,0.000507759966667,0.00108886103611,0.00116113532778,0.001195480075,0.00131710899444,0.00119153503611,0.00134210323333,0.00121261468611,0.00121906407222,0.0012227085,0.00124709191111,0.00131215036111,0.00135919388889,0.00122391566111,0.00101681247778,0.000972355411111,0.0008922976,0.000771225819444,0.000536439308333,0.000357486408333,0.000174279077778
42,39,4.728607,-74.05397,PSI,g/s,2.12338888889e-06,1.47441388889e-06,1.55654722222e-06,2.26875e-06,6.31290555556e-06,1.34368083333e-05,1.39151055556e-05,1.35283277778e-05,1.49350444444e-05,1.33798916667e-05,1.60524861111e-05,1.44244055556e-05,1.45845916667e-05,1.46671583333e-05,1.49362222222e-05,1.57581611111e-05,1.600265e-05,1.41469194444e-05,1.17850277778e-05,1.13001722222e-05,1.02545222222e-05,8.83946388889e-06,6.10462777778e-06,3.98440555556e-06,2.12338888889e-06
45,38,4.755493,-74.062965,PSO4,g/s,1.566745e-05,8.97987222222e-06,8.633725e-06,1.28670833333e-05,3.86417888889e-05,0.000113862369444,0.000165652402778,0.000137391625,0.000135925147222,0.000119794705556,0.000129962930556,0.000123057333333,0.000124953544444,0.00013087525,0.000139157683333,0.000154061505556,0.000155914716667,0.000153386083333,0.000130844172222,0.000119801736111,0.000107997458333,8.92431666667e-05,5.93398666667e-05,2.94956833333e-05,1.566745e-05
42,39,4.728607,-74.05397,PMOTHR,g/s,1.29372527778e-05,8.75599166667e-06,9.03966944444e-06,1.29282e-05,3.61039e-05,8.59037972222e-05,0.000102540002778,9.26340416667e-05,9.82968666667e-05,8.77679305556e-05,0.000102584422222,9.38429277778e-05,9.50693833333e-05,9.71822055556e-05,0.000100267108333,0.000107315436111,0.000108320147222,0.000100413052778,8.43564333333e-05,7.84147916667e-05,7.04724305556e-05,5.96222166667e-05,3.96948333333e-05,2.40395333333e-05,1.29372527778e-05
53,37,4.827202,-74.07196,PMN,g/s,7.15277777778e-09,4.29722222222e-09,4.19166666667e-09,5.64444444444e-09,1.60555555556e-08,4.75805555556e-08,6.78972222222e-08,5.91111111111e-08,6.24944444444e-08,5.88083333333e-08,6.37138888889e-08,6.02694444444e-08,6.00277777778e-08,6.19055555556e-08,6.48888888889e-08,6.65305555556e-08,6.82583333333e-08,6.80638888889e-08,5.93055555556e-08,5.47166666667e-08,4.93083333333e-08,4.07e-08,2.52944444444e-08,1.37305555556e-08,7.15277777778e-09
49,42,4.791351,-74.026985,PAL,g/s,9.38645e-06,6.348325e-06,6.50996944444e-06,9.28922777778e-06,2.61112277778e-05,6.33185638889e-05,7.77566e-05,6.93764527778e-05,7.22060472222e-05,6.37862222222e-05,7.43207222222e-05,6.81528055556e-05,6.91262555556e-05,7.08964194444e-05,7.35708666667e-05,8.01466888889e-05,8.0759025e-05,7.53021638889e-05,6.24651777778e-05,5.69986083333e-05,5.09807611111e-05,4.32750333333e-05,2.89380861111e-05,1.73633722222e-05,9.38645e-06
42,39,4.728607,-74.05397,PSO4,g/s,1.2371125e-05,7.09057777778e-06,6.81725833333e-06,1.01599361111e-05,3.05118277778e-05,8.99065416667e-05,0.000130800344444,0.000108485419444,0.000107327480556,9.45907638889e-05,0.000102619669444,9.71669611111e-05,9.86642388889e-05,0.000103340044444,0.000109879925,0.000121648072222,0.000123111369444,0.000121114747222,0.000103315502778,9.45963138889e-05,8.52755777778e-05,7.04670555556e-05,4.68552e-05,2.32900166667e-05,1.2371125e-05
53,37,4.827202,-74.07196,PMG,g/s,1.52502777778e-07,1.00558333333e-07,9.97361111111e-08,1.39441666667e-07,3.98975e-07,1.09642222222e-06,1.53321944444e-06,1.290175e-06,1.26981666667e-06,1.09958888889e-06,1.24920277778e-06,1.16571666667e-06,1.18627222222e-06,1.23727222222e-06,1.30766388889e-06,1.47739444444e-06,1.47999722222e-06,1.43285555556e-06,1.17315555556e-06,1.02183611111e-06,9.01688888889e-07,7.59986111111e-07,4.99677777778e-07,2.77744444444e-07,1.52502777778e-07
45,38,4.755493,-74.062965,PCA,g/s,4.88494444444e-06,3.33899722222e-06,3.45629722222e-06,4.97149722222e-06,1.39503666667e-05,3.23368972222e-05,3.77537138889e-05,3.45451611111e-05,3.64605e-05,3.22382166667e-05,3.79463083333e-05,3.45559555556e-05,3.50246e-05,3.57000527778e-05,3.68713861111e-05,3.99849638889e-05,4.03766333333e-05,3.70158194444e-05,3.05870444444e-05,2.81961361111e-05,2.53041111111e-05,2.16360722222e-05,1.46750777778e-05,9.07201388889e-06,4.88494444444e-06
53,37,4.827202,-74.07196,PNH4,g/s,3.93661944444e-06,2.65143333333e-06,2.688475e-06,3.80855e-06,1.07821222222e-05,2.72214888889e-05,3.50799833333e-05,3.06053444444e-05,3.10790138889e-05,2.71518055556e-05,3.14081833333e-05,2.89604861111e-05,2.94213472222e-05,3.036155e-05,3.175285e-05,3.52612055556e-05,3.54290861111e-05,3.3447475e-05,2.74529805556e-05,2.44828666667e-05,2.17549888889e-05,1.84693694444e-05,1.23181972222e-05,7.23141666667e-06,3.93661944444e-06
49,42,4.791351,-74.026985,PSO4,g/s,0.000163211263889,9.3545375e-05,8.99395083333e-05,0.000134039222222,0.000402540055556,0.00118612955833,0.00172563805,0.00143123915,0.00141596250833,0.00124792809167,0.00135385278611,0.00128191571111,0.00130166893056,0.00136335662222,0.00144963663056,0.00160489293889,0.00162419815833,0.00159785693611,0.00136303283056,0.00124800144167,0.00112503358333,0.000929666002778,0.000618156738889,0.000307263183333,0.000163211263889
49,40,4.791351,-74.044975,PSI,g/s,2.50446305556e-05,1.73901611111e-05,1.83589833333e-05,2.67591027778e-05,7.445835e-05,0.000158481988889,0.000164123427778,0.000159561419444,0.000176153186111,0.00015781075,0.000189333044444,0.000170130319444,0.00017201985,0.000172993561111,0.000176167127778,0.000185861502778,0.000188745152778,0.000166857588889,0.000138999986111,0.000133281208333,0.000120948186111,0.000104258222222,7.20016138889e-05,4.69946472222e-05,2.50446305556e-05
42,39,4.728607,-74.05397,PAL,g/s,7.11472222222e-07,4.81191666667e-07,4.93438888889e-07,7.04111111111e-07,1.97918611111e-06,4.79943888889e-06,5.89380833333e-06,5.25862222222e-06,5.47308888889e-06,4.83488055556e-06,5.63338333333e-06,5.16586111111e-06,5.23963611111e-06,5.37382222222e-06,5.57653888889e-06,6.07497777778e-06,6.12139444444e-06,5.70776388889e-06,4.73474722222e-06,4.3204e-06,3.86424722222e-06,3.28016388889e-06,2.19346666667e-06,1.31610833333e-06,7.11472222222e-07
42,39,4.728607,-74.05397,PH2O,g/s,0.0,0.0,0.0,0.0,0.0,0.0,0.0,0.0,0.0,0.0,0.0,0.0,0.0,0.0,0.0,0.0,0.0,0.0,0.0,0.0,0.0,0.0,0.0,0.0,0.0
45,38,4.755493,-74.062965,PMG,g/s,2.27897222222e-07,1.50269444444e-07,1.49047222222e-07,2.08375e-07,5.96258333333e-07,1.638575e-06,2.29136388889e-06,1.92814722222e-06,1.89770277778e-06,1.64330555556e-06,1.86690833333e-06,1.74215e-06,1.77285e-06,1.84908055556e-06,1.95426111111e-06,2.20792222222e-06,2.21181666667e-06,2.14134166667e-06,1.75324722222e-06,1.52711388889e-06,1.34753888889e-06,1.13578888889e-06,7.46741666667e-07,4.15083333333e-07,2.27897222222e-07
45,38,4.755493,-74.062965,PMN,g/s,1.06944444444e-08,6.425e-09,6.26388888889e-09,8.43888888889e-09,2.40027777778e-08,7.11111111111e-08,1.01461111111e-07,8.83361111111e-08,9.34e-08,8.78888888889e-08,9.52111111111e-08,9.00777777778e-08,8.97027777778e-08,9.25083333333e-08,9.69916666667e-08,9.94388888889e-08,1.02019444444e-07,1.01713888889e-07,8.86277777778e-08,8.17777777778e-08,7.36833333333e-08,6.08277777778e-08,3.77805555556e-08,2.05194444444e-08,1.06944444444e-08
49,40,4.791351,-74.044975,PNO3,g/s,2.06324583333e-05,1.43340138889e-05,1.51230444444e-05,2.20366916667e-05,6.13624138889e-05,0.000130809141667,0.000135944163889,0.000131934852778,0.000145256836111,0.000129917913889,0.000155863894444,0.000140072991667,0.000141654116667,0.0001425049,0.000145229497222,0.000153647672222,0.000155982663889,0.000137964925,0.000114663897222,0.000109631675,9.94156444444e-05,8.57645388889e-05,5.92882472222e-05,3.86911222222e-05,2.06324583333e-05
49,42,4.791351,-74.026985,PNA,g/s,4.49460555556e-06,3.06337222222e-06,3.23106388889e-06,4.75903055556e-06,1.32962888889e-05,2.82407972222e-05,2.91450444444e-05,2.85750333333e-05,3.16634444444e-05,2.8483525e-05,3.39430333333e-05,3.05373944444e-05,3.08356944444e-05,3.09538861111e-05,3.14887222222e-05,3.29512694444e-05,3.362965e-05,2.98370666667e-05,2.50713888889e-05,2.43096444444e-05,2.21650722222e-05,1.90656722222e-05,1.32344611111e-05,8.49033888889e-06,4.49460555556e-06
49,42,4.791351,-74.026985,PMG,g/s,2.37414166667e-06,1.56546388889e-06,1.55273611111e-06,2.17078888889e-06,6.21138611111e-06,1.70694361111e-05,2.38696694444e-05,2.00858777778e-05,1.97688138889e-05,1.71186444444e-05,1.94479333333e-05,1.81482944444e-05,1.84681805556e-05,1.926225e-05,2.03580138889e-05,2.30004222222e-05,2.30409444444e-05,2.23069111111e-05,1.82640138889e-05,1.59082638889e-05,1.40376777778e-05,1.18317805556e-05,7.77912777778e-06,4.32396388889e-06,2.37414166667e-06
42,39,4.728607,-74.05397,PK,g/s,2.18366666667e-07,1.49044444444e-07,1.54058333333e-07,2.21480555556e-07,6.22063888889e-07,1.44974722222e-06,1.70469166667e-06,1.55475277778e-06,1.635875e-06,1.44483055556e-06,1.69840833333e-06,1.54795e-06,1.56918055556e-06,1.60072222222e-06,1.65485277778e-06,1.79829444444e-06,1.81548333333e-06,1.66791111111e-06,1.37708888889e-06,1.26620277778e-06,1.13558333333e-06,9.70705555556e-07,6.58083333333e-07,4.05291666667e-07,2.18366666667e-07
49,40,4.791351,-74.044975,PAL,g/s,8.39159722222e-06,5.67548611111e-06,5.81997777778e-06,8.30468611111e-06,2.3343725e-05,5.66075083333e-05,6.95152916667e-05,6.202335e-05,6.45530305556e-05,5.70256277778e-05,6.64435861111e-05,6.09294055556e-05,6.17996638889e-05,6.33822194444e-05,6.57731888889e-05,7.16520416667e-05,7.21995055556e-05,6.73210194444e-05,5.58445944444e-05,5.09574222222e-05,4.55773777778e-05,3.86883833333e-05,2.58709861111e-05,1.552305e-05,8.39159722222e-06
49,40,4.791351,-74.044975,PK,g/s,2.57546944444e-06,1.75791111111e-06,1.81703888889e-06,2.61225555556e-06,7.33701111111e-06,1.70991861111e-05,2.01062055556e-05,1.833775e-05,1.92945222222e-05,1.70412277778e-05,2.00320805556e-05,1.82575583333e-05,1.85079277778e-05,1.88798666667e-05,1.95183833333e-05,2.12101722222e-05,2.14130083333e-05,1.96723333333e-05,1.624225e-05,1.49343611111e-05,1.33937388889e-05,1.14491583333e-05,7.76185277778e-06,4.78028888889e-06,2.57546944444e-06
53,37,4.827202,-74.07196,PCA,g/s,3.26866388889e-06,2.23423888889e-06,2.31271666667e-06,3.32659166667e-06,9.33465e-06,2.16376777778e-05,2.52622611111e-05,2.31152972222e-05,2.43969138889e-05,2.15716472222e-05,2.5391125e-05,2.31225138889e-05,2.34361027778e-05,2.38880694444e-05,2.46718555556e-05,2.67552388889e-05,2.70173333333e-05,2.47684888889e-05,2.04667944444e-05,1.88669611111e-05,1.69318138889e-05,1.44774138889e-05,9.81958611111e-06,6.07037777778e-06,3.26866388889e-06
53,37,4.827202,-74.07196,PCL,g/s,1.01197222222e-06,7.06141666667e-07,7.49772222222e-07,1.09716111111e-06,3.04634444444e-06,6.31513055556e-06,6.27060833333e-06,6.23340277778e-06,6.98331111111e-06,6.27988611111e-06,7.58137777778e-06,6.78293611111e-06,6.85313055556e-06,6.86158888889e-06,6.95587777778e-06,7.27582222222e-06,7.40311666667e-06,6.45998333333e-06,5.392775e-06,5.23915833333e-06,4.77166388889e-06,4.12602777778e-06,2.86832777778e-06,1.90471944444e-06,1.01197222222e-06
49,42,4.791351,-74.026985,PNCOM,g/s,0.00042026665,0.000287587986111,0.000298290294444,0.000429637747222,0.001204332525,0.00276926535278,0.00319879149167,0.0029423277,0.0031198645,0.00276331370278,0.00325784497778,0.00296326376667,0.00300262139167,0.00305666195278,0.00315238224167,0.00340752010833,0.00344287795556,0.00314680235833,0.00260408024722,0.002410639275,0.00216596749444,0.0018527026,0.00125809944722,0.000781417613889,0.00042026665
49,42,4.791351,-74.026985,POC,g/s,0.00210133344722,0.00143794021111,0.00149145183333,0.00214818923056,0.00602166201111,0.01384632395,0.0159939521111,0.0147116337944,0.0155993193333,0.0138165671361,0.0162892253583,0.0148163191944,0.0150131068583,0.0152833090083,0.0157619098806,0.0170375962389,0.0172143859083,0.0157340090472,0.013020399625,0.0120531956667,0.0108298368944,0.0092635124,0.00629049654722,0.00390708755,0.00210133344722
49,42,4.791351,-74.026985,PMOTHR,g/s,0.000170680063889,0.000115517202778,0.000119259616667,0.000170560722222,0.000476315775,0.00113332168889,0.00135280174722,0.00122211323611,0.001296822425,0.00115791510278,0.00135338779444,0.00123806187222,0.00125424249167,0.00128211678889,0.00132281566667,0.00141580352778,0.00142905869167,0.0013247411,0.00111290735,0.00103451988611,0.000929736988889,0.000786590983333,0.000523690680556,0.000317151561111,0.000170680063889
45,38,4.755493,-74.062965,PNO3,g/s,2.21542222222e-06,1.53913055556e-06,1.62385e-06,2.3662e-06,6.58881666667e-06,1.40456861111e-05,1.459705e-05,1.41665638889e-05,1.5597e-05,1.39499916667e-05,1.67359527778e-05,1.50403944444e-05,1.5210175e-05,1.53015305556e-05,1.55940805556e-05,1.64979805556e-05,1.67487111111e-05,1.48140388889e-05,1.23120916667e-05,1.17717583333e-05,1.06748027778e-05,9.209e-06,6.36609722222e-06,4.15447777778e-06,2.21542222222e-06
42,39,4.728607,-74.05397,PNO3,g/s,1.74930277778e-06,1.2153e-06,1.28220277778e-06,1.86836944444e-06,5.20258055556e-06,1.1090575e-05,1.15259527778e-05,1.1186025e-05,1.23155111111e-05,1.10150055556e-05,1.32148305556e-05,1.18760138889e-05,1.20100638889e-05,1.20821944444e-05,1.23131972222e-05,1.30269277778e-05,1.32248944444e-05,1.16972694444e-05,9.72170833333e-06,9.29506388889e-06,8.42889722222e-06,7.27149444444e-06,5.02671666667e-06,3.28040833333e-06,1.74930277778e-06
49,42,4.791351,-74.026985,PEC,g/s,0.00271321920278,0.00175520963889,0.001819869275,0.00264501982222,0.0079049309,0.0169516542611,0.0180768381528,0.0186115254056,0.020505074,0.0185501080722,0.0208941905361,0.0188782813361,0.0189786868944,0.0190354241972,0.0194150311,0.0204278769333,0.0211602619806,0.019054217525,0.0158299847222,0.0151378662833,0.0138915066167,0.01200663165,0.00835141806944,0.00556543544722,0.00271321920278
49,40,4.791351,-74.044975,PMOTHR,g/s,0.000152589944444,0.000103273713889,0.000106619488889,0.000152483263889,0.000425831811111,0.001013202675,0.00120942038333,0.00109258334167,0.00115937422222,0.00103518948056,0.00120994432222,0.00110684161111,0.00112130726944,0.00114622721667,0.00118261248889,0.00126574470833,0.00127759496667,0.00118433381944,0.000994952016667,0.000924872708333,0.000831195591667,0.000703221430556,0.000468185516667,0.000283537152778,0.000152589944444
45,38,4.755493,-74.062965,POC,g/s,0.000201717241667,0.000138034886111,0.000143171722222,0.000206215158333,0.000578048691667,0.00132917614167,0.00153533743333,0.00141224144167,0.00149745471111,0.00132631962778,0.00156368213889,0.00142229070556,0.00144118131667,0.00146711933056,0.00151306255278,0.00163552192222,0.00165249281111,0.00151038422778,0.00124989162222,0.001157045,0.001039608825,0.000889249708333,0.000603855430556,0.000375060375,0.000201717241667
53,37,4.827202,-74.07196,PFE,g/s,1.79279444444e-06,1.18067222222e-06,1.16476666667e-06,1.61819722222e-06,4.63805277778e-06,1.30347916667e-05,1.8583675e-05,1.54903777778e-05,1.51260194444e-05,1.30619305556e-05,1.47921527778e-05,1.38417583333e-05,1.40951222222e-05,1.47446416667e-05,1.56248055556e-05,1.77440388889e-05,1.77480888889e-05,1.72729722222e-05,1.41187222222e-05,1.2207775e-05,1.07447055556e-05,9.042125e-06,5.915525e-06,3.25286944444e-06,1.79279444444e-06
53,37,4.827202,-74.07196,PNA,g/s,2.887e-07,1.96766666667e-07,2.07541666667e-07,3.05686111111e-07,8.54061111111e-07,1.81399166667e-06,1.87208055556e-06,1.83546666667e-06,2.03385e-06,1.82958888889e-06,2.18027222222e-06,1.96151666667e-06,1.98067777778e-06,1.98826666667e-06,2.02262222222e-06,2.116575e-06,2.16015e-06,1.91653055556e-06,1.61041944444e-06,1.56148888889e-06,1.42373055556e-06,1.22464722222e-06,8.50094444444e-07,5.45363888889e-07,2.887e-07
49,40,4.791351,-74.044975,PCA,g/s,4.54939583333e-05,3.10965555556e-05,3.21888694444e-05,4.63001388889e-05,0.000129921463889,0.000301157358333,0.000351604869444,0.000321723136111,0.000339560888889,0.000300238280556,0.000353398422222,0.000321823725,0.0003261883,0.000332478769444,0.000343387525,0.000372384611111,0.000376032358333,0.000344732627778,0.000284860694444,0.000262593930556,0.000235660158333,0.000201499422222,0.000136670805556,8.4488725e-05,4.54939583333e-05
53,37,4.827202,-74.07196,PMOTHR,g/s,1.09633416667e-05,7.42005277778e-06,7.66044722222e-06,1.09556833333e-05,3.05953416667e-05,7.27970055556e-05,8.68949472222e-05,7.85003888889e-05,8.32992055556e-05,7.43767416667e-05,8.69325888889e-05,7.95248305556e-05,8.05641555556e-05,8.2354625e-05,8.49688444444e-05,9.09417638889e-05,9.17931861111e-05,8.50925222222e-05,7.14857333333e-05,6.64506444444e-05,5.97201e-05,5.05253444444e-05,3.36383916667e-05,2.03716944444e-05,1.09633416667e-05
42,39,4.728607,-74.05397,POC,g/s,0.000159277394444,0.000108993347222,0.000113049436111,0.000162828975,0.000456431433333,0.00104952709722,0.00121231354444,0.00111511606111,0.00118240107222,0.001047271575,0.00123469473889,0.00112305103889,0.00113796718611,0.00115844805,0.00119472514167,0.00129141993611,0.0013048203,0.00119261031667,0.000986923477778,0.000913611113889,0.000820882666667,0.000702158002778,0.000476808616667,0.000296150383333,0.000159277394444
49,40,4.791351,-74.044975,PMN,g/s,9.96388888889e-08,5.98083333333e-08,5.835e-08,7.85e-08,2.2355e-07,6.62183333333e-07,9.4495e-07,8.22697222222e-07,8.69833333333e-07,8.18522222222e-07,8.86780555556e-07,8.38958333333e-07,8.35419444444e-07,8.61613888889e-07,9.03219444444e-07,9.26030555556e-07,9.50086111111e-07,9.47325e-07,8.25430555556e-07,7.61680555556e-07,6.86191666667e-07,5.66444444444e-07,3.52025e-07,1.91172222222e-07,9.96388888889e-08
49,40,4.791351,-74.044975,PMG,g/s,2.12251111111e-06,1.39954166667e-06,1.38816111111e-06,1.94070555556e-06,5.55306666667e-06,1.52602777778e-05,2.13397666667e-05,1.79570083333e-05,1.76735555556e-05,1.53042694444e-05,1.73866666667e-05,1.62247666667e-05,1.65107722222e-05,1.72206611111e-05,1.82002972222e-05,2.05626361111e-05,2.05988611111e-05,1.99426583333e-05,1.63282388889e-05,1.42221694444e-05,1.25498388889e-05,1.05777388889e-05,6.95462777778e-06,3.86568333333e-06,2.12251111111e-06
45,38,4.755493,-74.062965,PFE,g/s,2.67927222222e-06,1.76447777778e-06,1.74070833333e-06,2.41835277778e-06,6.93143888889e-06,1.94801166667e-05,2.7772775e-05,2.3149925e-05,2.26053972222e-05,1.95206777778e-05,2.210645e-05,2.06861083333e-05,2.106475e-05,2.20354416667e-05,2.33508111111e-05,2.65179555556e-05,2.65240194444e-05,2.58139694444e-05,2.11000166667e-05,1.82441694444e-05,1.60576555556e-05,1.35132e-05,8.84056666667e-06,4.86133611111e-06,2.67927222222e-06
45,38,4.755493,-74.062965,PNH4,g/s,5.88315277778e-06,3.96250277778e-06,4.01784444444e-06,5.69176111111e-06,1.61135777778e-05,4.068175e-05,5.24260333333e-05,4.57388111111e-05,4.64467166667e-05,4.05776027778e-05,4.69386361111e-05,4.32806277778e-05,4.39693638889e-05,4.53744916667e-05,4.74537444444e-05,5.26968694444e-05,5.29477611111e-05,4.99863138889e-05,4.10277e-05,3.65889472222e-05,3.25122138889e-05,2.76019472222e-05,1.84091972222e-05,1.080715e-05,5.88315277778e-06
49,42,4.791351,-74.026985,PFE,g/s,2.7910575e-05,1.83809638889e-05,1.81333694444e-05,2.5192525e-05,7.22063361111e-05,0.000202928738889,0.000289315172222,0.000241157855556,0.000235485522222,0.0002033512,0.000230287838889,0.00021549185,0.000219436252778,0.000229548158333,0.000243250716667,0.000276243463889,0.000276306541667,0.000268909775,0.000219803636111,0.000190053569444,0.000167276158333,0.000140769911111,9.20943e-05,5.06415027778e-05,2.7910575e-05
42,39,4.728607,-74.05397,PNH4,g/s,4.64538888889e-06,3.12881944444e-06,3.172525e-06,4.49426388889e-06,1.27233916667e-05,3.21225916667e-05,4.13959722222e-05,3.61157e-05,3.66746583333e-05,3.20403777778e-05,3.70630916667e-05,3.41746972222e-05,3.47185305556e-05,3.58280222222e-05,3.74698111111e-05,4.1609825e-05,4.18079361111e-05,3.946955e-05,3.23957666667e-05,2.88909027778e-05,2.56718805556e-05,2.17946916667e-05,1.45360388889e-05,8.53340833333e-06,4.64538888889e-06
53,37,4.827202,-74.07196,PAL,g/s,6.02922222222e-07,4.07777777778e-07,4.18161111111e-07,5.96677777778e-07,1.67720555556e-06,4.06716666667e-06,4.99456388889e-06,4.45628333333e-06,4.63803611111e-06,4.09719722222e-06,4.77386388889e-06,4.37768333333e-06,4.4402e-06,4.55391111111e-06,4.72569444444e-06,5.14808333333e-06,5.187425e-06,4.83691666667e-06,4.01233888889e-06,3.66120555556e-06,3.27466388889e-06,2.77969166667e-06,1.85878611111e-06,1.11530555556e-06,6.02922222222e-07
49,40,4.791351,-74.044975,PNH4,g/s,5.47905833333e-05,3.69031888889e-05,3.74187444444e-05,5.30081388889e-05,0.000150067644444,0.000378873863889,0.000488249825,0.000425970972222,0.000432563627778,0.000377904066667,0.000437145091667,0.000403077577778,0.000409491888889,0.000422577927778,0.000441942191667,0.000490772133333,0.000493108716667,0.000465528372222,0.000382095758333,0.000340757216667,0.000302790091667,0.000257060180556,0.000171447063889,0.000100648266667,5.47905833333e-05
45,38,4.755493,-74.062965,PNA,g/s,4.31455555556e-07,2.94072222222e-07,3.10163888889e-07,4.56841666667e-07,1.27638055556e-06,2.71097222222e-06,2.79776111111e-06,2.74306111111e-06,3.03953055556e-06,2.73426111111e-06,3.25835555556e-06,2.931425e-06,2.96007777778e-06,2.97141111111e-06,3.02276111111e-06,3.16315277778e-06,3.22827777778e-06,2.86420833333e-06,2.40673055556e-06,2.33360555556e-06,2.12772777778e-06,1.83021388889e-06,1.27043333333e-06,8.15033333333e-07,4.31455555556e-07
42,39,4.728607,-74.05397,PFE,g/s,2.115575e-06,1.39324166667e-06,1.37447777778e-06,1.90955555556e-06,5.47311111111e-06,1.53816472222e-05,2.19295861111e-05,1.82793416667e-05,1.78493805556e-05,1.54136666667e-05,1.74554166667e-05,1.63339055556e-05,1.66328833333e-05,1.739935e-05,1.84379805556e-05,2.09387722222e-05,2.09435638889e-05,2.03828888889e-05,1.66607305556e-05,1.4405725e-05,1.26792444444e-05,1.06701194444e-05,6.98059444444e-06,3.83853888889e-06,2.115575e-06
49,42,4.791351,-74.026985,PTI,g/s,1.25487222222e-06,8.58766666667e-07,8.90305555556e-07,1.28244444444e-06,3.59730555556e-06,8.27817222222e-06,9.57919722222e-06,8.80496388889e-06,9.32019166667e-06,8.24584444444e-06,9.72052222222e-06,8.84221666667e-06,8.96058611111e-06,9.1235e-06,9.41396388889e-06,1.01939777778e-05,1.02986666667e-05,9.41498611111e-06,7.77985277778e-06,7.18970833333e-06,6.45741111111e-06,5.52663333333e-06,3.75643888889e-06,2.33250555556e-06,1.25487222222e-06
42,39,4.728607,-74.05397,PTI,g/s,9.51138888889e-08,6.51e-08,6.74861111111e-08,9.72055555556e-08,2.72666666667e-07,6.27472222222e-07,7.26086111111e-07,6.674e-07,7.06455555556e-07,6.25013888889e-07,7.368e-07,6.70225e-07,6.792e-07,6.91547222222e-07,7.13558333333e-07,7.72694444444e-07,7.80622222222e-07,7.13644444444e-07,5.897e-07,5.44966666667e-07,4.89461111111e-07,4.18902777778e-07,2.84733333333e-07,1.76805555556e-07,9.51138888889e-08
42,39,4.728607,-74.05397,PNA,g/s,3.40677777778e-07,2.32197222222e-07,2.44908333333e-07,3.60716666667e-07,1.00783055556e-06,2.14060277778e-06,2.20914166667e-06,2.16593333333e-06,2.40003333333e-06,2.15900277778e-06,2.572825e-06,2.31468333333e-06,2.33729444444e-06,2.34625555556e-06,2.38679444444e-06,2.49765277778e-06,2.54906944444e-06,2.2616e-06,1.90036388889e-06,1.84263055556e-06,1.68006666667e-06,1.44514444444e-06,1.00315e-06,6.43555555556e-07,3.40677777778e-07
49,40,4.791351,-74.044975,PNCOM,g/s,0.000375723233333,0.000257106975,0.000266674972222,0.000384101097222,0.00107668717778,0.00247575520278,0.00285975652222,0.00263047493056,0.00278919488611,0.00247043435833,0.00291255103611,0.00264919202778,0.0026843782,0.002732691075,0.002818266125,0.00304636231389,0.00307797265278,0.00281327765833,0.00232807778889,0.00215513935,0.00193639995,0.00165633750833,0.00112475541944,0.000698596355556,0.000375723233333
49,40,4.791351,-74.044975,PTI,g/s,1.12186388889e-06,7.67747222222e-07,7.9595e-07,1.14651944444e-06,3.21603611111e-06,7.40078055556e-06,8.56391666667e-06,7.87173333333e-06,8.33236666667e-06,7.37186388889e-06,8.69025277778e-06,7.90505833333e-06,8.01086666667e-06,8.15651111111e-06,8.41619166667e-06,9.113525e-06,9.207125e-06,8.41711944444e-06,6.955275e-06,6.42768055556e-06,5.77298611111e-06,4.940875e-06,3.35829444444e-06,2.08528055556e-06,1.12186388889e-06
49,42,4.791351,-74.026985,PMN,g/s,1.11458333333e-07,6.68944444444e-08,6.52694444444e-08,8.78027777778e-08,2.50030555556e-07,7.40686111111e-07,1.05696666667e-06,9.20233333333e-07,9.72963888889e-07,9.15566666667e-07,9.91894444444e-07,9.38416666667e-07,9.34452777778e-07,9.63752777778e-07,1.0103e-06,1.03580277778e-06,1.06273888889e-06,1.05962777778e-06,9.23275e-07,8.51986111111e-07,7.67544444444e-07,6.33575e-07,3.93752777778e-07,2.13816666667e-07,1.11458333333e-07
53,37,4.827202,-74.07196,PK,g/s,1.85041666667e-07,1.26305555556e-07,1.3055e-07,1.87691666667e-07,5.27152777778e-07,1.22855e-06,1.44459166667e-06,1.31753055556e-06,1.38627777778e-06,1.22438611111e-06,1.43926944444e-06,1.31178055556e-06,1.32976111111e-06,1.35648611111e-06,1.40236388889e-06,1.52391944444e-06,1.53849166667e-06,1.41343055556e-06,1.16698611111e-06,1.07301388889e-06,9.62319444444e-07,8.22613888889e-07,5.57677777778e-07,3.43461111111e-07,1.85041666667e-07
49,40,4.791351,-74.044975,PH2O,g/s,0.0,0.0,0.0,0.0,0.0,0.0,0.0,0.0,0.0,0.0,0.0,0.0,0.0,0.0,0.0,0.0,0.0,0.0,0.0,0.0,0.0,0.0,0.0,0.0,0.0
49,42,4.791351,-74.026985,PNH4,g/s,6.12862138889e-05,4.12781916667e-05,4.18548833333e-05,5.92924666667e-05,0.000167858722222,0.0004237908,0.0005461337,0.000476471436111,0.000483845708333,0.000422706005556,0.000488970297222,0.000450863944444,0.0004580387,0.000472676125,0.000494336125,0.000548955027778,0.000551568630556,0.000520718516667,0.000427394661111,0.000381155275,0.000338687019444,0.000287535638889,0.000191772758333,0.000112580505556,6.12862138889e-05
45,38,4.755493,-74.062965,PMOTHR,g/s,1.63844055556e-05,1.10890666667e-05,1.14483222222e-05,1.63729527778e-05,4.57238833333e-05,0.000108793080556,0.000129862033333,0.000117316608333,0.000124488302778,0.000111153916667,0.000129918288889,0.0001188476,0.000120400858333,0.000123076644444,0.000126983530556,0.000135909880556,0.000137182297222,0.000127168355556,0.000106833402778,9.93086111111e-05,8.92499805556e-05,7.55086944444e-05,5.02716194444e-05,3.04449222222e-05,1.63844055556e-05
49,42,4.791351,-74.026985,PH2O,g/s,0.0,0.0,0.0,0.0,0.0,0.0,0.0,0.0,0.0,0.0,0.0,0.0,0.0,0.0,0.0,0.0,0.0,0.0,0.0,0.0,0.0,0.0,0.0,0.0,0.0
49,40,4.791351,-74.044975,PCL,g/s,1.40848361111e-05,9.82818888889e-06,1.043545e-05,1.52706222222e-05,4.23995722222e-05,8.78951361111e-05,8.72755055556e-05,8.67576916667e-05,9.71950666667e-05,8.74045305556e-05,0.000105519038889,9.44062222222e-05,9.53832722222e-05,9.55007861111e-05,9.68132055556e-05,0.000101266361111,0.000103038,8.99111805556e-05,7.50576333333e-05,7.29196694444e-05,6.64129694444e-05,5.74268416667e-05,3.9921975e-05,2.651015e-05,1.40848361111e-05
42,39,4.728607,-74.05397,PEC,g/s,0.000205657258333,0.000133041813889,0.0001379429,0.000200487866667,0.000599179902778,0.00128490568889,0.00137019266111,0.00141072102222,0.001554248675,0.00140606569444,0.00158374303056,0.00143094065278,0.00143855121667,0.00144285179444,0.00147162533333,0.00154839727778,0.00160391078056,0.0014442763,0.00119988510556,0.00114742373889,0.00105295185833,0.000910081644444,0.000633022852778,0.000421850255556,0.000205657258333
49,42,4.791351,-74.026985,PSI,g/s,2.80137805556e-05,1.9451825e-05,2.05355055556e-05,2.9931475e-05,8.32856611111e-05,0.000177270641667,0.000183580883333,0.000178478033333,0.000197036813889,0.000176519813889,0.000211779191667,0.000190299897222,0.000192413463889,0.000193502605556,0.000197052397222,0.000207896105556,0.0002111216,0.0001866392,0.000155478958333,0.000149082180556,0.000135287066667,0.000116618427778,8.05376833333e-05,5.25660416667e-05,2.80137805556e-05
45,38,4.755493,-74.062965,PNCOM,g/s,4.03434472222e-05,2.76069722222e-05,2.86343388889e-05,4.12430166667e-05,0.000115609752778,0.000265835280556,0.000307067575,0.000282448372222,0.000299490994444,0.00026526395,0.000312736416667,0.000284458133333,0.000288236263889,0.000293423880556,0.000302612552778,0.000327104463889,0.000330498627778,0.000302076905556,0.000249978355556,0.000231409011111,0.000207921780556,0.000177849955556,0.0001207711,7.50120861111e-05,4.03434472222e-05
49,42,4.791351,-74.026985,PCL,g/s,1.57546388889e-05,1.0993375e-05,1.16726e-05,1.70810027778e-05,4.74262e-05,9.83154305556e-05,9.76223333333e-05,9.70431611111e-05,0.000108717919444,9.77666722222e-05,0.0001180287,0.000105598436111,0.000106691333333,0.000106822761111,0.000108290766667,0.000113271863889,0.000115253527778,0.000100570488889,8.39560083333e-05,8.15645527778e-05,7.42864833333e-05,6.42350138889e-05,4.46548916667e-05,2.96530444444e-05,1.57546388889e-05
42,39,4.728607,-74.05397,PMN,g/s,8.45277777778e-09,5.06111111111e-09,4.95e-09,6.65e-09,1.89527777778e-08,5.61388888889e-08,8.01166666667e-08,6.975e-08,7.37444444444e-08,6.94e-08,7.51805555556e-08,7.1125e-08,7.0825e-08,7.30472222222e-08,7.65805555556e-08,7.85055555556e-08,8.05583333333e-08,8.0325e-08,6.99833333333e-08,6.45777777778e-08,5.81722222222e-08,4.80305555556e-08,2.98444444444e-08,1.62111111111e-08,8.45277777778e-09
53,37,4.827202,-74.07196,PSO4,g/s,1.04835944444e-05,6.00873333333e-06,5.77711111111e-06,8.60978888889e-06,2.58564861111e-05,7.618905e-05,0.000110843463889,9.19332444444e-05,9.09519694444e-05,8.01585666667e-05,8.69624555556e-05,8.23417027778e-05,8.36105166667e-05,8.7572925e-05,9.31149805556e-05,0.000103087594444,0.000104327636111,0.000102635658333,8.75521222222e-05,8.01632722222e-05,7.22646416667e-05,5.97155305556e-05,3.97062555556e-05,1.97365333333e-05,1.04835944444e-05
53,37,4.827202,-74.07196,PNCOM,g/s,2.69951166667e-05,1.84727333333e-05,1.9160175e-05,2.75970555556e-05,7.7358275e-05,0.000177879113889,0.000205469005556,0.000188995477778,0.000200399252778,0.000177496813889,0.000209262191667,0.000190340269444,0.000192868336111,0.00019633955,0.000202487977778,0.000218876322222,0.000221147486111,0.000202129563889,0.000167268727778,0.000154843363889,0.000139127288889,0.000119005244444,8.08119055556e-05,5.01930416667e-05,2.69951166667e-05
42,39,4.728607,-74.05397,PMG,g/s,1.79952777778e-07,1.18661111111e-07,1.17697222222e-07,1.64541666667e-07,4.70811111111e-07,1.29383055556e-06,1.80928333333e-06,1.52247222222e-06,1.49843888889e-06,1.29755833333e-06,1.47411944444e-06,1.37561111111e-06,1.39985277778e-06,1.46005555556e-06,1.54310277778e-06,1.74339722222e-06,1.74646388889e-06,1.69082222222e-06,1.38437777778e-06,1.20582222222e-06,1.064025e-06,8.96822222222e-07,5.89644444444e-07,3.27755555556e-07,1.79952777778e-07
49,40,4.791351,-74.044975,PSO4,g/s,0.000145912752778,8.36306361111e-05,8.04069472222e-05,0.000119832625,0.00035987545,0.00106041350278,0.00154274033333,0.001279544325,0.00126588683611,0.00111566211667,0.00121036002222,0.00114604744167,0.00116370705278,0.00121885655556,0.00129599188333,0.00143479282222,0.00145205188889,0.00142850254722,0.00121856708333,0.00111572768889,0.00100579301111,0.000831132130556,0.000552639272222,0.000274696816667,0.000145912752778
49,40,4.791351,-74.044975,PEC,g/s,0.00242564929167,0.00156917769444,0.00162698413889,0.00236467826389,0.00706709948611,0.0151549746139,0.0161609020028,0.0166389185722,0.0183317728972,0.0165840107806,0.0186796475722,0.0168774014611,0.0169671651972,0.0170178890139,0.0173572619722,0.0182627578167,0.0189175184972,0.0170346904667,0.0141521891028,0.0135334272417,0.0124191672917,0.0107340673278,0.00746626416389,0.00497556355556,0.00242564929167
53,37,4.827202,-74.07196,PH2O,g/s,0.0,0.0,0.0,0.0,0.0,0.0,0.0,0.0,0.0,0.0,0.0,0.0,0.0,0.0,0.0,0.0,0.0,0.0,0.0,0.0,0.0,0.0,0.0,0.0,0.0
49,42,4.791351,-74.026985,PNO3,g/s,2.30785083333e-05,1.60333666667e-05,1.69159472222e-05,2.46492277778e-05,6.86371666667e-05,0.000146317072222,0.000152060855556,0.000147576216667,0.000162477580556,0.000145320163889,0.000174342152778,0.000156679183333,0.000158447744444,0.000159399391667,0.000162447005556,0.000171863191667,0.000174475008333,0.0001543212,0.000128257719444,0.000122628933333,0.00011120175,9.59322472222e-05,6.63171e-05,4.32780888889e-05,2.30785083333e-05
45,38,4.755493,-74.062965,PK,g/s,2.76547222222e-07,1.88758333333e-07,1.95102777778e-07,2.80494444444e-07,7.87813888889e-07,1.83603333333e-06,2.15890555556e-06,1.96903055556e-06,2.07175833333e-06,1.82981388889e-06,2.15095555556e-06,1.96041388889e-06,1.98730277778e-06,2.02723611111e-06,2.0958e-06,2.27744444444e-06,2.29923888889e-06,2.11231944444e-06,1.74401388889e-06,1.60359166667e-06,1.43815833333e-06,1.22936666667e-06,8.33436111111e-07,5.13286111111e-07,2.76547222222e-07
45,38,4.755493,-74.062965,PEC,g/s,0.000260455130556,0.000168491138889,0.000174698133333,0.00025390835,0.000758832861111,0.00162727193056,0.00173528381389,0.00178661104722,0.00196838200833,0.00178071530278,0.00200573519444,0.00181221825556,0.00182185666667,0.00182730316111,0.00186374348056,0.001960971475,0.00203127669722,0.00182910721111,0.00151959739167,0.00145315757222,0.00133351342778,0.00115257509722,0.000801693336111,0.000534253280556,0.000260455130556
49,42,4.791351,-74.026985,PK,g/s,2.880825e-06,1.96633055556e-06,2.03245277778e-06,2.92195555556e-06,8.20686388889e-06,1.91263638889e-05,2.24898666667e-05,2.05117555556e-05,2.15819722222e-05,1.90615194444e-05,2.24069583333e-05,2.04220694444e-05,2.07021277778e-05,2.11181472222e-05,2.18323583333e-05,2.37247083333e-05,2.39516083333e-05,2.20045805556e-05,1.81678305556e-05,1.67049e-05,1.49816e-05,1.28065194444e-05,8.68203611111e-06,5.34701111111e-06,2.880825e-06
45,38,4.755493,-74.062965,PH2O,g/s,0.0,0.0,0.0,0.0,0.0,0.0,0.0,0.0,0.0,0.0,0.0,0.0,0.0,0.0,0.0,0.0,0.0,0.0,0.0,0.0,0.0,0.0,0.0,0.0,0.0
53,37,4.827202,-74.07196,POC,g/s,0.000134975619444,9.23636722222e-05,9.58009027778e-05,0.000137985336111,0.000386791347222,0.000889395361111,0.00102734464444,0.000944977080556,0.00100199607222,0.000887483983333,0.00104631102778,0.000951701377778,0.000964341694444,0.000981697680556,0.00101243980556,0.00109438137778,0.00110573715556,0.00101064764722,0.000836343505556,0.000774216788889,0.000695636391667,0.000595026155556,0.000404059483333,0.0002509652,0.000134975619444
45,38,4.755493,-74.062965,PAL,g/s,9.01041666667e-07,6.09408333333e-07,6.24925e-07,8.91711111111e-07,2.50653888889e-06,6.07824722222e-06,7.46423055556e-06,6.65978888889e-06,6.93140833333e-06,6.12314166667e-06,7.1344e-06,6.54232222222e-06,6.63575277778e-06,6.80568333333e-06,7.06242777778e-06,7.69366388889e-06,7.75245e-06,7.228625e-06,5.99634444444e-06,5.47157222222e-06,4.89388055556e-06,4.154175e-06,2.77791388889e-06,1.66679722222e-06,9.01041666667e-07
42,39,4.728607,-74.05397,PNCOM,g/s,3.1855475e-05,2.17986666667e-05,2.26098805556e-05,3.25657944444e-05,9.12862888889e-05,0.000209905458333,0.000242462788889,0.000223023288889,0.000236480266667,0.000209454341667,0.000246938938889,0.000224610205556,0.000227593441667,0.000231689611111,0.00023894505,0.000258284052778,0.000260964116667,0.000238522108333,0.000197384719444,0.000182722227778,0.000164176538889,0.000140431613889,9.53617305556e-05,5.92300805556e-05,3.1855475e-05
53,37,4.827202,-74.07196,PTI,g/s,8.06027777778e-08,5.51583333333e-08,5.71916666667e-08,8.23666666667e-08,2.31072222222e-07,5.31733333333e-07,6.153e-07,5.65566666667e-07,5.98666666667e-07,5.29655555556e-07,6.24377777778e-07,5.67966666667e-07,5.75566666667e-07,5.86030555556e-07,6.04691666667e-07,6.54794444444e-07,6.61519444444e-07,6.04755555556e-07,4.99733333333e-07,4.61819444444e-07,4.14783333333e-07,3.54986111111e-07,2.41283333333e-07,1.49830555556e-07,8.06027777778e-08
49,42,4.791351,-74.026985,PCA,g/s,5.08874277778e-05,3.47831611111e-05,3.60049944444e-05,5.17891888889e-05,0.000145324133333,0.000336860719444,0.000393288966667,0.000359864613889,0.000379817119444,0.000335832675,0.000395295158333,0.000359977130556,0.000364859166667,0.000371895380556,0.000384097422222,0.000416532197222,0.000420612411111,0.000385601986111,0.000318632022222,0.000293725441667,0.000263598588889,0.000225387936111,0.000152873641667,9.45051833333e-05,5.08874277778e-05
